Workbook

Sheet Nasil_Kullanilir
A1: Yıllık İzin Takip Sistemi
A2: Tüm personel verileri SAHTEDİR. Orijinal dosya paylaşılamadığı için yapı yeniden kurulmuştur.
A4: Her yeni İK datası geldiğinde
A5: 1. Veri_Guncel sayfasındaki veriyi Veri_Onceki'ye taşıyın (A–H sütunları, değer olarak). Ayarlar'da önceki data tarihini güncelleyin.
A6: 2. Yeni İK datasını Veri_Guncel'e yapıştırın (A–H sütunları, aynı sıra). Ayarlar'da güncel data tarihini girin.
A7: 3. Datada kapsam dışı bölgeler de varsa (tüm Türkiye datası) ayıklama otomatiktir: yalnızca Ayarlar'daki bölge listesi hesaplara girer.
A8: 4. Ozet: bölge bazında biriken izin, 14 ve 20 gün üstü kişi sayısı, alarm, önceki döneme göre değişim ve grafikler.
A9: 5. Liste_14_Gun: bakiyesi 14 gün ve üzeri olanlar, büyükten küçüğe. Ayarlar'dan bölge seçilirse yalnızca o bölge listelenir; üstteki bilgilendirme metni bölge müdürüne gönderilecek e-postanın taslağıdır.
A11: Hesaplar (4857 sayılı İş Kanunu, madde 53)
A12: Kıdem 1–5 yıl: 14 gün · 5–15 yıl: 20 gün · 15 yıl ve üzeri: 26 gün · 18 yaş ve altı ile 50 yaş ve üzeri: en az 20 gün · 1 yıldan az: hak yok
A13: Sonraki hak ediş tarihi = işe giriş tarihinin bir sonraki yıldönümü
A14: Dönemde kullanılan izin = önceki bakiye + iki data arasında kazanılan hak − güncel bakiye
... A17: Renk kodu: mavi = girilen değer · sarı zemin = her dönem güncellenen hücre · siyah = formül · yeşil = başka sayfadan gelen değer

Sheet Ozet
A1: ="Bölge İzin Özeti — "&TEXT(Ayarlar!$B$3,"dd.mm.yyyy")&" (önceki: "&TEXT(Ayarlar!$B$4,"dd.mm.yyyy")&")" -> Bölge İzin Özeti — 14.09.2026 (önceki: 31.07.2026)
A3: Bölge | B3: Personel | C3: Biriken İzin (gün) | D3: Kişi Başı | E3: 14+ Gün (kişi) | F3: 20+ Gün (kişi) | G3: Alarm | H3: Hak Ediş Yaklaşan | I3: Dönemde Kullanılan (gün) | J3: Önceki Biriken (gün) | K3: Değişim (gün) | L3: Yeni Personel | M3: Ayrılan
A4: =Ayarlar!A15 -> Bölge 1 | B4: =COUNTIFS(Takip!$C$2:$C$501,A4,Takip!$G$2:$G$501,1) -> 23 | C4: =SUMIFS(Takip!$M$2:$M$501,Takip!$C$2:$C$501,A4) -> 235 | D4: =IF(B4=0,0,C4/B4) -> 10.217391 | E4: =COUNTIFS(Takip!$C$2:$C$501,A4,Takip!$M$2:$M$501,">="&Ayarlar!$B$6) -> 8 | F4: =COUNTIFS(Takip!$C$2:$C$501,A4,Takip!$M$2:$M$501,">="&Ayarlar!$B$7) -> 3 | G4: =IF(F4>=Ayarlar!$B$8,"▲ ALARM",IF(E4>0,"● Planla","✓")) -> ● Planla | H4: =COUNTIFS(Takip!$C$2:$C$501,A4,Takip!$R$2:$R$501,"Evet") -> 3 | I4: =SUMIFS(Takip!$P$2:$P$501,Takip!$C$2:$C$501,A4) -> 72 | J4: =SUMIFS(Veri_Onceki!$H:$H,Veri_Onceki!$C:$C,A4) -> 267 | K4: =C4-J4 -> -32 | L4: =COUNTIFS(Takip!$C$2:$C$501,A4,Takip!$S$2:$S$501,"Yeni personel") -> 1 | M4: =COUNTIFS(Veri_Onceki!$C:$C,A4,Veri_Onceki!$I:$I,1) -> 0
A5: =Ayarlar!A16 -> Bölge 2 | B5: =COUNTIFS(Takip!$C$2:$C$501,A5,Takip!$G$2:$G$501,1) -> 20 | C5: =SUMIFS(Takip!$M$2:$M$501,Takip!$C$2:$C$501,A5) -> 231 | D5: =IF(B5=0,0,C5/B5) -> 11.55 | E5: =COUNTIFS(Takip!$C$2:$C$501,A5,Takip!$M$2:$M$501,">="&Ayarlar!$B$6) -> 10 | F5: =COUNTIFS(Takip!$C$2:$C$501,A5,Takip!$M$2:$M$501,">="&Ayarlar!$B$7) -> 3 | G5: =IF(F5>=Ayarlar!$B$8,"▲ ALARM",IF(E5>0,"● Planla","✓")) -> ● Planla | H5: =COUNTIFS(Takip!$C$2:$C$501,A5,Takip!$R$2:$R$501,"Evet") -> 3 | I5: =SUMIFS(Takip!$P$2:$P$501,Takip!$C$2:$C$501,A5) -> 46 | J5: =SUMIFS(Veri_Onceki!$H:$H,Veri_Onceki!$C:$C,A5) -> 203 | K5: =C5-J5 -> 28 | L5: =COUNTIFS(Takip!$C$2:$C$501,A5,Takip!$S$2:$S$501,"Yeni personel") -> 1 | M5: =COUNTIFS(Veri_Onceki!$C:$C,A5,Veri_Onceki!$I:$I,1) -> 1
A6: =Ayarlar!A17 -> Bölge 3 | B6: =COUNTIFS(Takip!$C$2:$C$501,A6,Takip!$G$2:$G$501,1) -> 20 | C6: =SUMIFS(Takip!$M$2:$M$501,Takip!$C$2:$C$501,A6) -> 265 | D6: =IF(B6=0,0,C6/B6) -> 13.25 | E6: =COUNTIFS(Takip!$C$2:$C$501,A6,Takip!$M$2:$M$501,">="&Ayarlar!$B$6) -> 12 | F6: =COUNTIFS(Takip!$C$2:$C$501,A6,Takip!$M$2:$M$501,">="&Ayarlar!$B$7) -> 4 | G6: =IF(F6>=Ayarlar!$B$8,"▲ ALARM",IF(E6>0,"● Planla","✓")) -> ● Planla | H6: =COUNTIFS(Takip!$C$2:$C$501,A6,Takip!$R$2:$R$501,"Evet") -> 4 | I6: =SUMIFS(Takip!$P$2:$P$501,Takip!$C$2:$C$501,A6) -> 59 | J6: =SUMIFS(Veri_Onceki!$H:$H,Veri_Onceki!$C:$C,A6) -> 314 | K6: =C6-J6 -> -49 | L6: =COUNTIFS(Takip!$C$2:$C$501,A6,Takip!$S$2:$S$501,"Yeni personel") -> 1 | M6: =COUNTIFS(Veri_Onceki!$C:$C,A6,Veri_Onceki!$I:$I,1) -> 1
A7: =Ayarlar!A18 -> Bölge 4 | B7: =COUNTIFS(Takip!$C$2:$C$501,A7,Takip!$G$2:$G$501,1) -> 23 | C7: =SUMIFS(Takip!$M$2:$M$501,Takip!$C$2:$C$501,A7) -> 238 | D7: =IF(B7=0,0,C7/B7) -> 10.347826 | E7: =COUNTIFS(Takip!$C$2:$C$501,A7,Takip!$M$2:$M$501,">="&Ayarlar!$B$6) -> 10 | F7: =COUNTIFS(Takip!$C$2:$C$501,A7,Takip!$M$2:$M$501,">="&Ayarlar!$B$7) -> 3 | G7: =IF(F7>=Ayarlar!$B$8,"▲ ALARM",IF(E7>0,"● Planla","✓")) -> ● Planla | H7: =COUNTIFS(Takip!$C$2:$C$501,A7,Takip!$R$2:$R$501,"Evet") -> 1 | I7: =SUMIFS(Takip!$P$2:$P$501,Takip!$C$2:$C$501,A7) -> 56 | J7: =SUMIFS(Veri_Onceki!$H:$H,Veri_Onceki!$C:$C,A7) -> 280 | K7: =C7-J7 -> -42 | L7: =COUNTIFS(Takip!$C$2:$C$501,A7,Takip!$S$2:$S$501,"Yeni personel") -> 1 | M7: =COUNTIFS(Veri_Onceki!$C:$C,A7,Veri_Onceki!$I:$I,1) -> 0
A8: =Ayarlar!A19 -> Bölge 5 | B8: =COUNTIFS(Takip!$C$2:$C$501,A8,Takip!$G$2:$G$501,1) -> 24 | C8: =SUMIFS(Takip!$M$2:$M$501,Takip!$C$2:$C$501,A8) -> 370 | D8: =IF(B8=0,0,C8/B8) -> 15.416667 | E8: =COUNTIFS(Takip!$C$2:$C$501,A8,Takip!$M$2:$M$501,">="&Ayarlar!$B$6) -> 13 | F8: =COUNTIFS(Takip!$C$2:$C$501,A8,Takip!$M$2:$M$501,">="&Ayarlar!$B$7) -> 6 | G8: =IF(F8>=Ayarlar!$B$8,"▲ ALARM",IF(E8>0,"● Planla","✓")) -> ▲ ALARM | H8: =COUNTIFS(Takip!$C$2:$C$501,A8,Takip!$R$2:$R$501,"Evet") -> 2 | I8: =SUMIFS(Takip!$P$2:$P$501,Takip!$C$2:$C$501,A8) -> 48 | J8: =SUMIFS(Veri_Onceki!$H:$H,Veri_Onceki!$C:$C,A8) -> 364 | K8: =C8-J8 -> 6 | L8: =COUNTIFS(Takip!$C$2:$C$501,A8,Takip!$S$2:$S$501,"Yeni personel") -> 0 | M8: =COUNTIFS(Veri_Onceki!$C:$C,A8,Veri_Onceki!$I:$I,1) -> 0
A9: =Ayarlar!A20 -> Bölge 6 | B9: =COUNTIFS(Takip!$C$2:$C$501,A9,Takip!$G$2:$G$501,1) -> 27 | C9: =SUMIFS(Takip!$M$2:$M$501,Takip!$C$2:$C$501,A9) -> 392 | D9: =IF(B9=0,0,C9/B9) -> 14.518519 | E9: =COUNTIFS(Takip!$C$2:$C$501,A9,Takip!$M$2:$M$501,">="&Ayarlar!$B$6) -> 16 | F9: =COUNTIFS(Takip!$C$2:$C$501,A9,Takip!$M$2:$M$501,">="&Ayarlar!$B$7) -> 7 | G9: =IF(F9>=Ayarlar!$B$8,"▲ ALARM",IF(E9>0,"● Planla","✓")) -> ▲ ALARM | H9: =COUNTIFS(Takip!$C$2:$C$501,A9,Takip!$R$2:$R$501,"Evet") -> 1 | I9: =SUMIFS(Takip!$P$2:$P$501,Takip!$C$2:$C$501,A9) -> 63 | J9: =SUMIFS(Veri_Onceki!$H:$H,Veri_Onceki!$C:$C,A9) -> 375 | K9: =C9-J9 -> 17 | L9: =COUNTIFS(Takip!$C$2:$C$501,A9,Takip!$S$2:$S$501,"Yeni personel") -> 0 | M9: =COUNTIFS(Veri_Onceki!$C:$C,A9,Veri_Onceki!$I:$I,1) -> 2
A10: TOPLAM | B10: =SUM(B4:B9) -> 137 | C10: =SUM(C4:C9) -> 1731 | D10: =IF(B10=0,0,C10/B10) -> 12.635036 | E10: =SUM(E4:E9) -> 69 | F10: =SUM(F4:F9) -> 26 | G10: =COUNTIF(G4:G9,"▲ ALARM")&" bölgede alarm" -> 2 bölgede alarm | H10: =SUM(H4:H9) -> 14 | I10: =SUM(I4:I9) -> 344 | J10: =SUM(J4:J9) -> 1803 | K10: =SUM(K4:K9) -> -72 | L10: =SUM(L4:L9) -> 4 | M10: =SUM(M4:M9) -> 4
A12: Kapsam dışı ayıklanan kayıt: | C12: =COUNTIF(Takip!$G$2:$G$501,0) -> 52
A13: Kontrol edilmesi gereken kayıt: | C13: =COUNTIF(Takip!$S$2:$S$501,"Kontrol et") -> 1

Sheet Liste_14_Gun
A1: ="14 gün ve üzeri izin bakiyesi — "&Ayarlar!$B$11&" · data tarihi "&TEXT(Ayarlar!$B$3,"dd.mm.yyyy") -> 14 gün ve üzeri izin bakiyesi — Tümü · data tarihi 14.09.2026
A3: Bilgilendirme taslağı:
A4: ="Merhaba, "&TEXT(Ayarlar!$B$3,"dd.mm.yyyy")&" tarihli dataya göre "&IF(Ayarlar!$B$11="Tümü","takip edilen bölgelerde ",Ayarlar!$B$11&" bölgesinde ")&COUNT(C8:C207)&" personelin "&Ayarlar!$B$6&" gün ve üzeri kullanılmamış izni bulunuyor; bunların "&COUNTIF(H8:H207,"ALARM")&" tanesi "&Ayarlar!$B$7&" günü aşıyor. Liste aşağıdadır; izin planlamasının yapılmasını rica ederim." -> Merhaba, 14.09.2026 tarihli dataya göre takip edilen bölgelerde 69 personelin 14 gün ve üzeri kullanılmamış izni bulunuyor; bunların 26 tanesi 20 günü aşıyor. Liste aşağıdadır; izin planlamasının yapılmasını rica ederim.
A7: Sıra | B7: Satır | C7: Biriken İzin | D7: Bölge | E7: Mağaza | F7: Sicil No | G7: Ad Soyad | H7: Durum | I7: Sonraki Hak Ediş | J7: Hak Ediş Yaklaşıyor
A8: =IF(B8="","",1) -> 1 | B8: =IFERROR(MATCH(LARGE(Takip!$T$2:$T$501,1),Takip!$T$2:$T$501,0)+1,"") -> 134 | C8: =IF(B8="","",INDEX(Takip!$M:$M,B8)) -> 28 | D8: =IF($B8="","",INDEX(Takip!$C:$C,$B8)) -> Bölge 6 | E8: =IF($B8="","",INDEX(Takip!$D:$D,$B8)) -> Mağaza 6D | F8: =IF($B8="","",INDEX(Takip!$A:$A,$B8)) -> S10133 | G8: =IF($B8="","",INDEX(Takip!$B:$B,$B8)) -> Mert Doğan | H8: =IF($B8="","",INDEX(Takip!$Q:$Q,$B8)) -> ALARM | I8: =IF($B8="","",INDEX(Takip!$K:$K,$B8)) -> 46564 | J8: =IF($B8="","",INDEX(Takip!$R:$R,$B8))
A9: =IF(B9="","",2) -> 2 | B9: =IFERROR(MATCH(LARGE(Takip!$T$2:$T$501,2),Takip!$T$2:$T$501,0)+1,"") -> 110 | C9: =IF(B9="","",INDEX(Takip!$M:$M,B9)) -> 28 | D9: =IF($B9="","",INDEX(Takip!$C:$C,$B9)) -> Bölge 6 | E9: =IF($B9="","",INDEX(Takip!$D:$D,$B9)) -> Mağaza 6A | F9: =IF($B9="","",INDEX(Takip!$A:$A,$B9)) -> S10109 | G9: =IF($B9="","",INDEX(Takip!$B:$B,$B9)) -> Melis Özdemir | H9: =IF($B9="","",INDEX(Takip!$Q:$Q,$B9)) -> ALARM | I9: =IF($B9="","",INDEX(Takip!$K:$K,$B9)) -> 46602 | J9: =IF($B9="","",INDEX(Takip!$R:$R,$B9))
A10: =IF(B10="","",3) -> 3 | B10: =IFERROR(MATCH(LARGE(Takip!$T$2:$T$501,3),Takip!$T$2:$T$501,0)+1,"") -> 108 | C10: =IF(B10="","",INDEX(Takip!$M:$M,B10)) -> 28 | D10: =IF($B10="","",INDEX(Takip!$C:$C,$B10)) -> Bölge 6 | E10: =IF($B10="","",INDEX(Takip!$D:$D,$B10)) -> Mağaza 6A | F10: =IF($B10="","",INDEX(Takip!$A:$A,$B10)) -> S10107 | G10: =IF($B10="","",INDEX(Takip!$B:$B,$B10)) -> Tolga Şahin | H10: =IF($B10="","",INDEX(Takip!$Q:$Q,$B10)) -> ALARM | I10: =IF($B10="","",INDEX(Takip!$K:$K,$B10)) -> 46602 | J10: =IF($B10="","",INDEX(Takip!$R:$R,$B10))
A11: =IF(B11="","",4) -> 4 | B11: =IFERROR(MATCH(LARGE(Takip!$T$2:$T$501,4),Takip!$T$2:$T$501,0)+1,"") -> 106 | C11: =IF(B11="","",INDEX(Takip!$M:$M,B11)) -> 28 | D11: =IF($B11="","",INDEX(Takip!$C:$C,$B11)) -> Bölge 5 | E11: =IF($B11="","",INDEX(Takip!$D:$D,$B11)) -> Mağaza 5D | F11: =IF($B11="","",INDEX(Takip!$A:$A,$B11)) -> S10105 | G11: =IF($B11="","",INDEX(Takip!$B:$B,$B11)) -> Kaan Aydın | H11: =IF($B11="","",INDEX(Takip!$Q:$Q,$B11)) -> ALARM | I11: =IF($B11="","",INDEX(Takip!$K:$K,$B11)) -> 46487 | J11: =IF($B11="","",INDEX(Takip!$R:$R,$B11))
A12: =IF(B12="","",5) -> 5 | B12: =IFERROR(MATCH(LARGE(Takip!$T$2:$T$501,5),Takip!$T$2:$T$501,0)+1,"") -> 100 | C12: =IF(B12="","",INDEX(Takip!$M:$M,B12)) -> 28 | D12: =IF($B12="","",INDEX(Takip!$C:$C,$B12)) -> Bölge 5 | E12: =IF($B12="","",INDEX(Takip!$D:$D,$B12)) -> Mağaza 5C | F12: =IF($B12="","",INDEX(Takip!$A:$A,$B12)) -> S10099 | G12: =IF($B12="","",INDEX(Takip!$B:$B,$B12)) -> Onur Çelik | H12: =IF($B12="","",INDEX(Takip!$Q:$Q,$B12)) -> ALARM | I12: =IF($B12="","",INDEX(Takip!$K:$K,$B12)) -> 46620 | J12: =IF($B12="","",INDEX(Takip!$R:$R,$B12))
A13: =IF(B13="","",6) -> 6 | B13: =IFERROR(MATCH(LARGE(Takip!$T$2:$T$501,6),Takip!$T$2:$T$501,0)+1,"") -> 85 | C13: =IF(B13="","",INDEX(Takip!$M:$M,B13)) -> 28 | D13: =IF($B13="","",INDEX(Takip!$C:$C,$B13)) -> Bölge 5 | E13: =IF($B13="","",INDEX(Takip!$D:$D,$B13)) -> Mağaza 5A | F13: =IF($B13="","",INDEX(Takip!$A:$A,$B13)) -> S10084 | G13: =IF($B13="","",INDEX(Takip!$B:$B,$B13)) -> Elif Çelik | H13: =IF($B13="","",INDEX(Takip!$Q:$Q,$B13)) -> ALARM | I13: =IF($B13="","",INDEX(Takip!$K:$K,$B13)) -> 46526 | J13: =IF($B13="","",INDEX(Takip!$R:$R,$B13))
A14: =IF(B14="","",7) -> 7 | B14: =IFERROR(MATCH(LARGE(Takip!$T$2:$T$501,7),Takip!$T$2:$T$501,0)+1,"") -> 81 | C14: =IF(B14="","",INDEX(Takip!$M:$M,B14)) -> 28 | D14: =IF($B14="","",INDEX(Takip!$C:$C,$B14)) -> Bölge 4 | E14: =IF($B14="","",INDEX(Takip!$D:$D,$B14)) -> Mağaza 4C | F14: =IF($B14="","",INDEX(Takip!$A:$A,$B14)) -> S10080 | G14: =IF($B14="","",INDEX(Takip!$B:$B,$B14)) -> Buse Yılmaz | H14: =IF($B14="","",INDEX(Takip!$Q:$Q,$B14)) -> ALARM | I14: =IF($B14="","",INDEX(Takip!$K:$K,$B14)) -> 46484 | J14: =IF($B14="","",INDEX(Takip!$R:$R,$B14))
A15: =IF(B15="","",8) -> 8 | B15: =IFERROR(MATCH(LARGE(Takip!$T$2:$T$501,8),Takip!$T$2:$T$501,0)+1,"") -> 53 | C15: =IF(B15="","",INDEX(Takip!$M:$M,B15)) -> 28 | D15: =IF($B15="","",INDEX(Takip!$C:$C,$B15)) -> Bölge 3 | E15: =IF($B15="","",INDEX(Takip!$D:$D,$B15)) -> Mağaza 3B | F15: =IF($B15="","",INDEX(Takip!$A:$A,$B15)) -> S10052 | G15: =IF($B15="","",INDEX(Takip!$B:$B,$B15)) -> Burak Aydın | H15: =IF($B15="","",INDEX(Takip!$Q:$Q,$B15)) -> ALARM | I15: =IF($B15="","",INDEX(Takip!$K:$K,$B15)) -> 46373 | J15: =IF($B15="","",INDEX(Takip!$R:$R,$B15))
A16: =IF(B16="","",9) -> 9 | B16: =IFERROR(MATCH(LARGE(Takip!$T$2:$T$501,9),Takip!$T$2:$T$501,0)+1,"") -> 47 | C16: =IF(B16="","",INDEX(Takip!$M:$M,B16)) -> 28 | D16: =IF($B16="","",INDEX(Takip!$C:$C,$B16)) -> Bölge 3 | E16: =IF($B16="","",INDEX(Takip!$D:$D,$B16)) -> Mağaza 3A | F16: =IF($B16="","",INDEX(Takip!$A:$A,$B16)) -> S10046 | G16: =IF($B16="","",INDEX(Takip!$B:$B,$B16)) -> Oğuz Aydın | H16: =IF($B16="","",INDEX(Takip!$Q:$Q,$B16)) -> ALARM | I16: =IF($B16="","",INDEX(Takip!$K:$K,$B16)) -> 46345 | J16: =IF($B16="","",INDEX(Takip!$R:$R,$B16))
A17: =IF(B17="","",10) -> 10 | B17: =IFERROR(MATCH(LARGE(Takip!$T$2:$T$501,10),Takip!$T$2:$T$501,0)+1,"") -> 40 | C17: =IF(B17="","",INDEX(Takip!$M:$M,B17)) -> 28 | D17: =IF($B17="","",INDEX(Takip!$C:$C,$B17)) -> Bölge 2 | E17: =IF($B17="","",INDEX(Takip!$D:$D,$B17)) -> Mağaza 2C | F17: =IF($B17="","",INDEX(Takip!$A:$A,$B17)) -> S10039 | G17: =IF($B17="","",INDEX(Takip!$B:$B,$B17)) -> Elif Aydın | H17: =IF($B17="","",INDEX(Takip!$Q:$Q,$B17)) -> ALARM | I17: =IF($B17="","",INDEX(Takip!$K:$K,$B17)) -> 46419 | J17: =IF($B17="","",INDEX(Takip!$R:$R,$B17))
A18: =IF(B18="","",11) -> 11 | B18: =IFERROR(MATCH(LARGE(Takip!$T$2:$T$501,11),Takip!$T$2:$T$501,0)+1,"") -> 33 | C18: =IF(B18="","",INDEX(Takip!$M:$M,B18)) -> 28 | D18: =IF($B18="","",INDEX(Takip!$C:$C,$B18)) -> Bölge 2 | E18: =IF($B18="","",INDEX(Takip!$D:$D,$B18)) -> Mağaza 2B | F18: =IF($B18="","",INDEX(Takip!$A:$A,$B18)) -> S10032 | G18: =IF($B18="","",INDEX(Takip!$B:$B,$B18)) -> Melis Kurt | H18: =IF($B18="","",INDEX(Takip!$Q:$Q,$B18)) -> ALARM | I18: =IF($B18="","",INDEX(Takip!$K:$K,$B18)) -> 46395 | J18: =IF($B18="","",INDEX(Takip!$R:$R,$B18))
A19: =IF(B19="","",12) -> 12 | B19: =IFERROR(MATCH(LARGE(Takip!$T$2:$T$501,12),Takip!$T$2:$T$501,0)+1,"") -> 23 | C19: =IF(B19="","",INDEX(Takip!$M:$M,B19)) -> 28 | D19: =IF($B19="","",INDEX(Takip!$C:$C,$B19)) -> Bölge 1 | E19: =IF($B19="","",INDEX(Takip!$D:$D,$B19)) -> Mağaza 1C | F19: =IF($B19="","",INDEX(Takip!$A:$A,$B19)) -> S10022 | G19: =IF($B19="","",INDEX(Takip!$B:$B,$B19)) -> Emre Doğan | H19: =IF($B19="","",INDEX(Takip!$Q:$Q,$B19)) -> ALARM | I19: =IF($B19="","",INDEX(Takip!$K:$K,$B19)) -> 46447 | J19: =IF($B19="","",INDEX(Takip!$R:$R,$B19))
A20: =IF(B20="","",13) -> 13 | B20: =IFERROR(MATCH(LARGE(Takip!$T$2:$T$501,13),Takip!$T$2:$T$501,0)+1,"") -> 17 | C20: =IF(B20="","",INDEX(Takip!$M:$M,B20)) -> 28 | D20: =IF($B20="","",INDEX(Takip!$C:$C,$B20)) -> Bölge 1 | E20: =IF($B20="","",INDEX(Takip!$D:$D,$B20)) -> Mağaza 1C | F20: =IF($B20="","",INDEX(Takip!$A:$A,$B20)) -> S10016 | G20: =IF($B20="","",INDEX(Takip!$B:$B,$B20)) -> Ece Çelik | H20: =IF($B20="","",INDEX(Takip!$Q:$Q,$B20)) -> ALARM | I20: =IF($B20="","",INDEX(Takip!$K:$K,$B20)) -> 46576 | J20: =IF($B20="","",INDEX(Takip!$R:$R,$B20))
A21: =IF(B21="","",14) -> 14 | B21: =IFERROR(MATCH(LARGE(Takip!$T$2:$T$501,14),Takip!$T$2:$T$501,0)+1,"") -> 12 | C21: =IF(B21="","",INDEX(Takip!$M:$M,B21)) -> 28 | D21: =IF($B21="","",INDEX(Takip!$C:$C,$B21)) -> Bölge 1 | E21: =IF($B21="","",INDEX(Takip!$D:$D,$B21)) -> Mağaza 1B | F21: =IF($B21="","",INDEX(Takip!$A:$A,$B21)) -> S10011 | G21: =IF($B21="","",INDEX(Takip!$B:$B,$B21)) -> Ece Aslan | H21: =IF($B21="","",INDEX(Takip!$Q:$Q,$B21)) -> ALARM | I21: =IF($B21="","",INDEX(Takip!$K:$K,$B21)) -> 46468 | J21: =IF($B21="","",INDEX(Takip!$R:$R,$B21))
A22: =IF(B22="","",15) -> 15 | B22: =IFERROR(MATCH(LARGE(Takip!$T$2:$T$501,15),Takip!$T$2:$T$501,0)+1,"") -> 118 | C22: =IF(B22="","",INDEX(Takip!$M:$M,B22)) -> 24 | D22: =IF($B22="","",INDEX(Takip!$C:$C,$B22)) -> Bölge 6 | E22: =IF($B22="","",INDEX(Takip!$D:$D,$B22)) -> Mağaza 6B | F22: =IF($B22="","",INDEX(Takip!$A:$A,$B22)) -> S10117 | G22: =IF($B22="","",INDEX(Takip!$B:$B,$B22)) -> Gizem Şahin | H22: =IF($B22="","",INDEX(Takip!$Q:$Q,$B22)) -> ALARM | I22: =IF($B22="","",INDEX(Takip!$K:$K,$B22)) -> 46639 | J22: =IF($B22="","",INDEX(Takip!$R:$R,$B22))
A23: =IF(B23="","",16) -> 16 | B23: =IFERROR(MATCH(LARGE(Takip!$T$2:$T$501,16),Takip!$T$2:$T$501,0)+1,"") -> 107 | C23: =IF(B23="","",INDEX(Takip!$M:$M,B23)) -> 24 | D23: =IF($B23="","",INDEX(Takip!$C:$C,$B23)) -> Bölge 5 | E23: =IF($B23="","",INDEX(Takip!$D:$D,$B23)) -> Mağaza 5D | F23: =IF($B23="","",INDEX(Takip!$A:$A,$B23)) -> S10106 | G23: =IF($B23="","",INDEX(Takip!$B:$B,$B23)) -> Can Yıldız | H23: =IF($B23="","",INDEX(Takip!$Q:$Q,$B23)) -> ALARM | I23: =IF($B23="","",INDEX(Takip!$K:$K,$B23)) -> 46310 | J23: =IF($B23="","",INDEX(Takip!$R:$R,$B23)) -> Evet
A24: =IF(B24="","",17) -> 17 | B24: =IFERROR(MATCH(LARGE(Takip!$T$2:$T$501,17),Takip!$T$2:$T$501,0)+1,"") -> 94 | C24: =IF(B24="","",INDEX(Takip!$M:$M,B24)) -> 24 | D24: =IF($B24="","",INDEX(Takip!$C:$C,$B24)) -> Bölge 5 | E24: =IF($B24="","",INDEX(Takip!$D:$D,$B24)) -> Mağaza 5B | F24: =IF($B24="","",INDEX(Takip!$A:$A,$B24)) -> S10093 | G24: =IF($B24="","",INDEX(Takip!$B:$B,$B24)) -> Serkan Öztürk | H24: =IF($B24="","",INDEX(Takip!$Q:$Q,$B24)) -> ALARM | I24: =IF($B24="","",INDEX(Takip!$K:$K,$B24)) -> 46345 | J24: =IF($B24="","",INDEX(Takip!$R:$R,$B24))
A25: =IF(B25="","",18) -> 18 | B25: =IFERROR(MATCH(LARGE(Takip!$T$2:$T$501,18),Takip!$T$2:$T$501,0)+1,"") -> 90 | C25: =IF(B25="","",INDEX(Takip!$M:$M,B25)) -> 24 | D25: =IF($B25="","",INDEX(Takip!$C:$C,$B25)) -> Bölge 5 | E25: =IF($B25="","",INDEX(Takip!$D:$D,$B25)) -> Mağaza 5B | F25: =IF($B25="","",INDEX(Takip!$A:$A,$B25)) -> S10089 | G25: =IF($B25="","",INDEX(Takip!$B:$B,$B25)) -> Burak Özdemir | H25: =IF($B25="","",INDEX(Takip!$Q:$Q,$B25)) -> ALARM | I25: =IF($B25="","",INDEX(Takip!$K:$K,$B25)) -> 46474 | J25: =IF($B25="","",INDEX(Takip!$R:$R,$B25))
A26: =IF(B26="","",19) -> 19 | B26: =IFERROR(MATCH(LARGE(Takip!$T$2:$T$501,19),Takip!$T$2:$T$501,0)+1,"") -> 66 | C26: =IF(B26="","",INDEX(Takip!$M:$M,B26)) -> 24 | D26: =IF($B26="","",INDEX(Takip!$C:$C,$B26)) -> Bölge 4 | E26: =IF($B26="","",INDEX(Takip!$D:$D,$B26)) -> Mağaza 4A | F26: =IF($B26="","",INDEX(Takip!$A:$A,$B26)) -> S10065 | G26: =IF($B26="","",INDEX(Takip!$B:$B,$B26)) -> Cem Kaya | H26: =IF($B26="","",INDEX(Takip!$Q:$Q,$B26)) -> ALARM | I26: =IF($B26="","",INDEX(Takip!$K:$K,$B26)) -> 46493 | J26: =IF($B26="","",INDEX(Takip!$R:$R,$B26))
A27: =IF(B27="","",20) -> 20 | B27: =IFERROR(MATCH(LARGE(Takip!$T$2:$T$501,20),Takip!$T$2:$T$501,0)+1,"") -> 64 | C27: =IF(B27="","",INDEX(Takip!$M:$M,B27)) -> 24 | D27: =IF($B27="","",INDEX(Takip!$C:$C,$B27)) -> Bölge 4 | E27: =IF($B27="","",INDEX(Takip!$D:$D,$B27)) -> Mağaza 4A | F27: =IF($B27="","",INDEX(Takip!$A:$A,$B27)) -> S10063 | G27: =IF($B27="","",INDEX(Takip!$B:$B,$B27)) -> Mert Çelik | H27: =IF($B27="","",INDEX(Takip!$Q:$Q,$B27)) -> ALARM | I27: =IF($B27="","",INDEX(Takip!$K:$K,$B27)) -> 46479 | J27: =IF($B27="","",INDEX(Takip!$R:$R,$B27))
A28: =IF(B28="","",21) -> 21 | B28: =IFERROR(MATCH(LARGE(Takip!$T$2:$T$501,21),Takip!$T$2:$T$501,0)+1,"") -> 57 | C28: =IF(B28="","",INDEX(Takip!$M:$M,B28)) -> 24 | D28: =IF($B28="","",INDEX(Takip!$C:$C,$B28)) -> Bölge 3 | E28: =IF($B28="","",INDEX(Takip!$D:$D,$B28)) -> Mağaza 3C | F28: =IF($B28="","",INDEX(Takip!$A:$A,$B28)) -> S10056 | G28: =IF($B28="","",INDEX(Takip!$B:$B,$B28)) -> Melis Yıldız | H28: =IF($B28="","",INDEX(Takip!$Q:$Q,$B28)) -> ALARM | I28: =IF($B28="","",INDEX(Takip!$K:$K,$B28)) -> 46466 | J28: =IF($B28="","",INDEX(Takip!$R:$R,$B28))
A29: =IF(B29="","",22) -> 22 | B29: =IFERROR(MATCH(LARGE(Takip!$T$2:$T$501,22),Takip!$T$2:$T$501,0)+1,"") -> 56 | C29: =IF(B29="","",INDEX(Takip!$M:$M,B29)) -> 24 | D29: =IF($B29="","",INDEX(Takip!$C:$C,$B29)) -> Bölge 3 | E29: =IF($B29="","",INDEX(Takip!$D:$D,$B29)) -> Mağaza 3C | F29: =IF($B29="","",INDEX(Takip!$A:$A,$B29)) -> S10055 | G29: =IF($B29="","",INDEX(Takip!$B:$B,$B29)) -> Onur Yılmaz | H29: =IF($B29="","",INDEX(Takip!$Q:$Q,$B29)) -> ALARM | I29: =IF($B29="","",INDEX(Takip!$K:$K,$B29)) -> 46520 | J29: =IF($B29="","",INDEX(Takip!$R:$R,$B29))
A30: =IF(B30="","",23) -> 23 | B30: =IFERROR(MATCH(LARGE(Takip!$T$2:$T$501,23),Takip!$T$2:$T$501,0)+1,"") -> 129 | C30: =IF(B30="","",INDEX(Takip!$M:$M,B30)) -> 21 | D30: =IF($B30="","",INDEX(Takip!$C:$C,$B30)) -> Bölge 6 | E30: =IF($B30="","",INDEX(Takip!$D:$D,$B30)) -> Mağaza 6D | F30: =IF($B30="","",INDEX(Takip!$A:$A,$B30)) -> S10128 | G30: =IF($B30="","",INDEX(Takip!$B:$B,$B30)) -> Melis Kaya | H30: =IF($B30="","",INDEX(Takip!$Q:$Q,$B30)) -> ALARM | I30: =IF($B30="","",INDEX(Takip!$K:$K,$B30)) -> 46372 | J30: =IF($B30="","",INDEX(Takip!$R:$R,$B30))
A31: =IF(B31="","",24) -> 24 | B31: =IFERROR(MATCH(LARGE(Takip!$T$2:$T$501,24),Takip!$T$2:$T$501,0)+1,"") -> 120 | C31: =IF(B31="","",INDEX(Takip!$M:$M,B31)) -> 21 | D31: =IF($B31="","",INDEX(Takip!$C:$C,$B31)) -> Bölge 6 | E31: =IF($B31="","",INDEX(Takip!$D:$D,$B31)) -> Mağaza 6B | F31: =IF($B31="","",INDEX(Takip!$A:$A,$B31)) -> S10119 | G31: =IF($B31="","",INDEX(Takip!$B:$B,$B31)) -> Can Kurt | H31: =IF($B31="","",INDEX(Takip!$Q:$Q,$B31)) -> ALARM | I31: =IF($B31="","",INDEX(Takip!$K:$K,$B31)) -> 46370 | J31: =IF($B31="","",INDEX(Takip!$R:$R,$B31))
A32: =IF(B32="","",25) -> 25 | B32: =IFERROR(MATCH(LARGE(Takip!$T$2:$T$501,25),Takip!$T$2:$T$501,0)+1,"") -> 119 | C32: =IF(B32="","",INDEX(Takip!$M:$M,B32)) -> 21 | D32: =IF($B32="","",INDEX(Takip!$C:$C,$B32)) -> Bölge 6 | E32: =IF($B32="","",INDEX(Takip!$D:$D,$B32)) -> Mağaza 6B | F32: =IF($B32="","",INDEX(Takip!$A:$A,$B32)) -> S10118 | G32: =IF($B32="","",INDEX(Takip!$B:$B,$B32)) -> Ayşe Öztürk | H32: =IF($B32="","",INDEX(Takip!$Q:$Q,$B32)) -> ALARM | I32: =IF($B32="","",INDEX(Takip!$K:$K,$B32)) -> 46298 | J32: =IF($B32="","",INDEX(Takip!$R:$R,$B32)) -> Evet
A33: =IF(B33="","",26) -> 26 | B33: =IFERROR(MATCH(LARGE(Takip!$T$2:$T$501,26),Takip!$T$2:$T$501,0)+1,"") -> 25 | C33: =IF(B33="","",INDEX(Takip!$M:$M,B33)) -> 21 | D33: =IF($B33="","",INDEX(Takip!$C:$C,$B33)) -> Bölge 2 | E33: =IF($B33="","",INDEX(Takip!$D:$D,$B33)) -> Mağaza 2A | F33: =IF($B33="","",INDEX(Takip!$A:$A,$B33)) -> S10024 | G33: =IF($B33="","",INDEX(Takip!$B:$B,$B33)) -> Buse Kaya | H33: =IF($B33="","",INDEX(Takip!$Q:$Q,$B33)) -> ALARM | I33: =IF($B33="","",INDEX(Takip!$K:$K,$B33)) -> 46380 | J33: =IF($B33="","",INDEX(Takip!$R:$R,$B33))
A34: =IF(B34="","",27) -> 27 | B34: =IFERROR(MATCH(LARGE(Takip!$T$2:$T$501,27),Takip!$T$2:$T$501,0)+1,"") -> 127 | C34: =IF(B34="","",INDEX(Takip!$M:$M,B34)) -> 19 | D34: =IF($B34="","",INDEX(Takip!$C:$C,$B34)) -> Bölge 6 | E34: =IF($B34="","",INDEX(Takip!$D:$D,$B34)) -> Mağaza 6D | F34: =IF($B34="","",INDEX(Takip!$A:$A,$B34)) -> S10126 | G34: =IF($B34="","",INDEX(Takip!$B:$B,$B34)) -> Umut Aydın | H34: =IF($B34="","",INDEX(Takip!$Q:$Q,$B34)) -> Planla | I34: =IF($B34="","",INDEX(Takip!$K:$K,$B34)) -> 46594 | J34: =IF($B34="","",INDEX(Takip!$R:$R,$B34))
A35: =IF(B35="","",28) -> 28 | B35: =IFERROR(MATCH(LARGE(Takip!$T$2:$T$501,28),Takip!$T$2:$T$501,0)+1,"") -> 123 | C35: =IF(B35="","",INDEX(Takip!$M:$M,B35)) -> 19 | D35: =IF($B35="","",INDEX(Takip!$C:$C,$B35)) -> Bölge 6 | E35: =IF($B35="","",INDEX(Takip!$D:$D,$B35)) -> Mağaza 6C | F35: =IF($B35="","",INDEX(Takip!$A:$A,$B35)) -> S10122 | G35: =IF($B35="","",INDEX(Takip!$B:$B,$B35)) -> Can Öztürk | H35: =IF($B35="","",INDEX(Takip!$Q:$Q,$B35)) -> Planla | I35: =IF($B35="","",INDEX(Takip!$K:$K,$B35)) -> 46644 | J35: =IF($B35="","",INDEX(Takip!$R:$R,$B35))
A36: =IF(B36="","",29) -> 29 | B36: =IFERROR(MATCH(LARGE(Takip!$T$2:$T$501,29),Takip!$T$2:$T$501,0)+1,"") -> 121 | C36: =IF(B36="","",INDEX(Takip!$M:$M,B36)) -> 19 | D36: =IF($B36="","",INDEX(Takip!$C:$C,$B36)) -> Bölge 6 | E36: =IF($B36="","",INDEX(Takip!$D:$D,$B36)) -> Mağaza 6C | F36: =IF($B36="","",INDEX(Takip!$A:$A,$B36)) -> S10120 | G36: =IF($B36="","",INDEX(Takip!$B:$B,$B36)) -> Umut Arslan | H36: =IF($B36="","",INDEX(Takip!$Q:$Q,$B36)) -> Planla | I36: =IF($B36="","",INDEX(Takip!$K:$K,$B36)) -> 46366 | J36: =IF($B36="","",INDEX(Takip!$R:$R,$B36))
A37: =IF(B37="","",30) -> 30 | B37: =IFERROR(MATCH(LARGE(Takip!$T$2:$T$501,30),Takip!$T$2:$T$501,0)+1,"") -> 113 | C37: =IF(B37="","",INDEX(Takip!$M:$M,B37)) -> 19 | D37: =IF($B37="","",INDEX(Takip!$C:$C,$B37)) -> Bölge 6 | E37: =IF($B37="","",INDEX(Takip!$D:$D,$B37)) -> Mağaza 6B | F37: =IF($B37="","",INDEX(Takip!$A:$A,$B37)) -> S10112 | G37: =IF($B37="","",INDEX(Takip!$B:$B,$B37)) -> Deniz Öztürk | H37: =IF($B37="","",INDEX(Takip!$Q:$Q,$B37)) -> Planla | I37: =IF($B37="","",INDEX(Takip!$K:$K,$B37)) -> 46556 | J37: =IF($B37="","",INDEX(Takip!$R:$R,$B37))
A38: =IF(B38="","",31) -> 31 | B38: =IFERROR(MATCH(LARGE(Takip!$T$2:$T$501,31),Takip!$T$2:$T$501,0)+1,"") -> 98 | C38: =IF(B38="","",INDEX(Takip!$M:$M,B38)) -> 19 | D38: =IF($B38="","",INDEX(Takip!$C:$C,$B38)) -> Bölge 5 | E38: =IF($B38="","",INDEX(Takip!$D:$D,$B38)) -> Mağaza 5C | F38: =IF($B38="","",INDEX(Takip!$A:$A,$B38)) -> S10097 | G38: =IF($B38="","",INDEX(Takip!$B:$B,$B38)) -> İrem Doğan | H38: =IF($B38="","",INDEX(Takip!$Q:$Q,$B38)) -> Planla | I38: =IF($B38="","",INDEX(Takip!$K:$K,$B38)) -> 46424 | J38: =IF($B38="","",INDEX(Takip!$R:$R,$B38))
A39: =IF(B39="","",32) -> 32 | B39: =IFERROR(MATCH(LARGE(Takip!$T$2:$T$501,32),Takip!$T$2:$T$501,0)+1,"") -> 95 | C39: =IF(B39="","",INDEX(Takip!$M:$M,B39)) -> 19 | D39: =IF($B39="","",INDEX(Takip!$C:$C,$B39)) -> Bölge 5 | E39: =IF($B39="","",INDEX(Takip!$D:$D,$B39)) -> Mağaza 5B | F39: =IF($B39="","",INDEX(Takip!$A:$A,$B39)) -> S10094 | G39: =IF($B39="","",INDEX(Takip!$B:$B,$B39)) -> Pınar Aydın | H39: =IF($B39="","",INDEX(Takip!$Q:$Q,$B39)) -> Planla | I39: =IF($B39="","",INDEX(Takip!$K:$K,$B39)) -> 46394 | J39: =IF($B39="","",INDEX(Takip!$R:$R,$B39))
A40: =IF(B40="","",33) -> 33 | B40: =IFERROR(MATCH(LARGE(Takip!$T$2:$T$501,33),Takip!$T$2:$T$501,0)+1,"") -> 92 | C40: =IF(B40="","",INDEX(Takip!$M:$M,B40)) -> 19 | D40: =IF($B40="","",INDEX(Takip!$C:$C,$B40)) -> Bölge 5 | E40: =IF($B40="","",INDEX(Takip!$D:$D,$B40)) -> Mağaza 5B | F40: =IF($B40="","",INDEX(Takip!$A:$A,$B40)) -> S10091 | G40: =IF($B40="","",INDEX(Takip!$B:$B,$B40)) -> Elif Doğan | H40: =IF($B40="","",INDEX(Takip!$Q:$Q,$B40)) -> Planla | I40: =IF($B40="","",INDEX(Takip!$K:$K,$B40)) -> 46604 | J40: =IF($B40="","",INDEX(Takip!$R:$R,$B40))
A41: =IF(B41="","",34) -> 34 | B41: =IFERROR(MATCH(LARGE(Takip!$T$2:$T$501,34),Takip!$T$2:$T$501,0)+1,"") -> 88 | C41: =IF(B41="","",INDEX(Takip!$M:$M,B41)) -> 19 | D41: =IF($B41="","",INDEX(Takip!$C:$C,$B41)) -> Bölge 5 | E41: =IF($B41="","",INDEX(Takip!$D:$D,$B41)) -> Mağaza 5A | F41: =IF($B41="","",INDEX(Takip!$A:$A,$B41)) -> S10087 | G41: =IF($B41="","",INDEX(Takip!$B:$B,$B41)) -> Mert Kılıç | H41: =IF($B41="","",INDEX(Takip!$Q:$Q,$B41)) -> Planla | I41: =IF($B41="","",INDEX(Takip!$K:$K,$B41)) -> 46642 | J41: =IF($B41="","",INDEX(Takip!$R:$R,$B41))
A42: =IF(B42="","",35) -> 35 | B42: =IFERROR(MATCH(LARGE(Takip!$T$2:$T$501,35),Takip!$T$2:$T$501,0)+1,"") -> 86 | C42: =IF(B42="","",INDEX(Takip!$M:$M,B42)) -> 19 | D42: =IF($B42="","",INDEX(Takip!$C:$C,$B42)) -> Bölge 5 | E42: =IF($B42="","",INDEX(Takip!$D:$D,$B42)) -> Mağaza 5A | F42: =IF($B42="","",INDEX(Takip!$A:$A,$B42)) -> S10085 | G42: =IF($B42="","",INDEX(Takip!$B:$B,$B42)) -> İrem Öztürk | H42: =IF($B42="","",INDEX(Takip!$Q:$Q,$B42)) -> Planla | I42: =IF($B42="","",INDEX(Takip!$K:$K,$B42)) -> 46520 | J42: =IF($B42="","",INDEX(Takip!$R:$R,$B42))
A43: =IF(B43="","",36) -> 36 | B43: =IFERROR(MATCH(LARGE(Takip!$T$2:$T$501,36),Takip!$T$2:$T$501,0)+1,"") -> 79 | C43: =IF(B43="","",INDEX(Takip!$M:$M,B43)) -> 19 | D43: =IF($B43="","",INDEX(Takip!$C:$C,$B43)) -> Bölge 4 | E43: =IF($B43="","",INDEX(Takip!$D:$D,$B43)) -> Mağaza 4C | F43: =IF($B43="","",INDEX(Takip!$A:$A,$B43)) -> S10078 | G43: =IF($B43="","",INDEX(Takip!$B:$B,$B43)) -> Emre Koç | H43: =IF($B43="","",INDEX(Takip!$Q:$Q,$B43)) -> Planla | I43: =IF($B43="","",INDEX(Takip!$K:$K,$B43)) -> 46495 | J43: =IF($B43="","",INDEX(Takip!$R:$R,$B43))
A44: =IF(B44="","",37) -> 37 | B44: =IFERROR(MATCH(LARGE(Takip!$T$2:$T$501,37),Takip!$T$2:$T$501,0)+1,"") -> 54 | C44: =IF(B44="","",INDEX(Takip!$M:$M,B44)) -> 19 | D44: =IF($B44="","",INDEX(Takip!$C:$C,$B44)) -> Bölge 3 | E44: =IF($B44="","",INDEX(Takip!$D:$D,$B44)) -> Mağaza 3B | F44: =IF($B44="","",INDEX(Takip!$A:$A,$B44)) -> S10053 | G44: =IF($B44="","",INDEX(Takip!$B:$B,$B44)) -> Can Yılmaz | H44: =IF($B44="","",INDEX(Takip!$Q:$Q,$B44)) -> Planla | I44: =IF($B44="","",INDEX(Takip!$K:$K,$B44)) -> 46368 | J44: =IF($B44="","",INDEX(Takip!$R:$R,$B44))
A45: =IF(B45="","",38) -> 38 | B45: =IFERROR(MATCH(LARGE(Takip!$T$2:$T$501,38),Takip!$T$2:$T$501,0)+1,"") -> 50 | C45: =IF(B45="","",INDEX(Takip!$M:$M,B45)) -> 19 | D45: =IF($B45="","",INDEX(Takip!$C:$C,$B45)) -> Bölge 3 | E45: =IF($B45="","",INDEX(Takip!$D:$D,$B45)) -> Mağaza 3B | F45: =IF($B45="","",INDEX(Takip!$A:$A,$B45)) -> S10049 | G45: =IF($B45="","",INDEX(Takip!$B:$B,$B45)) -> Deniz Aslan | H45: =IF($B45="","",INDEX(Takip!$Q:$Q,$B45)) -> Planla | I45: =IF($B45="","",INDEX(Takip!$K:$K,$B45)) -> 46329 | J45: =IF($B45="","",INDEX(Takip!$R:$R,$B45)) -> Evet
A46: =IF(B46="","",39) -> 39 | B46: =IFERROR(MATCH(LARGE(Takip!$T$2:$T$501,39),Takip!$T$2:$T$501,0)+1,"") -> 49 | C46: =IF(B46="","",INDEX(Takip!$M:$M,B46)) -> 19 | D46: =IF($B46="","",INDEX(Takip!$C:$C,$B46)) -> Bölge 3 | E46: =IF($B46="","",INDEX(Takip!$D:$D,$B46)) -> Mağaza 3B | F46: =IF($B46="","",INDEX(Takip!$A:$A,$B46)) -> S10048 | G46: =IF($B46="","",INDEX(Takip!$B:$B,$B46)) -> Gizem Yılmaz | H46: =IF($B46="","",INDEX(Takip!$Q:$Q,$B46)) -> Planla | I46: =IF($B46="","",INDEX(Takip!$K:$K,$B46)) -> 46512 | J46: =IF($B46="","",INDEX(Takip!$R:$R,$B46))
A47: =IF(B47="","",40) -> 40 | B47: =IFERROR(MATCH(LARGE(Takip!$T$2:$T$501,40),Takip!$T$2:$T$501,0)+1,"") -> 42 | C47: =IF(B47="","",INDEX(Takip!$M:$M,B47)) -> 19 | D47: =IF($B47="","",INDEX(Takip!$C:$C,$B47)) -> Bölge 2 | E47: =IF($B47="","",INDEX(Takip!$D:$D,$B47)) -> Mağaza 2C | F47: =IF($B47="","",INDEX(Takip!$A:$A,$B47)) -> S10041 | G47: =IF($B47="","",INDEX(Takip!$B:$B,$B47)) -> Melis Arslan | H47: =IF($B47="","",INDEX(Takip!$Q:$Q,$B47)) -> Planla | I47: =IF($B47="","",INDEX(Takip!$K:$K,$B47)) -> 46583 | J47: =IF($B47="","",INDEX(Takip!$R:$R,$B47))
A48: =IF(B48="","",41) -> 41 | B48: =IFERROR(MATCH(LARGE(Takip!$T$2:$T$501,41),Takip!$T$2:$T$501,0)+1,"") -> 5 | C48: =IF(B48="","",INDEX(Takip!$M:$M,B48)) -> 19 | D48: =IF($B48="","",INDEX(Takip!$C:$C,$B48)) -> Bölge 1 | E48: =IF($B48="","",INDEX(Takip!$D:$D,$B48)) -> Mağaza 1A | F48: =IF($B48="","",INDEX(Takip!$A:$A,$B48)) -> S10004 | G48: =IF($B48="","",INDEX(Takip!$B:$B,$B48)) -> Onur Yılmaz | H48: =IF($B48="","",INDEX(Takip!$Q:$Q,$B48)) -> Planla | I48: =IF($B48="","",INDEX(Takip!$K:$K,$B48)) -> 46556 | J48: =IF($B48="","",INDEX(Takip!$R:$R,$B48))
A49: =IF(B49="","",42) -> 42 | B49: =IFERROR(MATCH(LARGE(Takip!$T$2:$T$501,42),Takip!$T$2:$T$501,0)+1,"") -> 132 | C49: =IF(B49="","",INDEX(Takip!$M:$M,B49)) -> 17 | D49: =IF($B49="","",INDEX(Takip!$C:$C,$B49)) -> Bölge 6 | E49: =IF($B49="","",INDEX(Takip!$D:$D,$B49)) -> Mağaza 6D | F49: =IF($B49="","",INDEX(Takip!$A:$A,$B49)) -> S10131 | G49: =IF($B49="","",INDEX(Takip!$B:$B,$B49)) -> Selin Öztürk | H49: =IF($B49="","",INDEX(Takip!$Q:$Q,$B49)) -> Planla | I49: =IF($B49="","",INDEX(Takip!$K:$K,$B49)) -> 46498 | J49: =IF($B49="","",INDEX(Takip!$R:$R,$B49))
A50: =IF(B50="","",43) -> 43 | B50: =IFERROR(MATCH(LARGE(Takip!$T$2:$T$501,43),Takip!$T$2:$T$501,0)+1,"") -> 124 | C50: =IF(B50="","",INDEX(Takip!$M:$M,B50)) -> 17 | D50: =IF($B50="","",INDEX(Takip!$C:$C,$B50)) -> Bölge 6 | E50: =IF($B50="","",INDEX(Takip!$D:$D,$B50)) -> Mağaza 6C | F50: =IF($B50="","",INDEX(Takip!$A:$A,$B50)) -> S10123 | G50: =IF($B50="","",INDEX(Takip!$B:$B,$B50)) -> Can Kılıç | H50: =IF($B50="","",INDEX(Takip!$Q:$Q,$B50)) -> Planla | I50: =IF($B50="","",INDEX(Takip!$K:$K,$B50)) -> 46429 | J50: =IF($B50="","",INDEX(Takip!$R:$R,$B50))
A51: =IF(B51="","",44) -> 44 | B51: =IFERROR(MATCH(LARGE(Takip!$T$2:$T$501,44),Takip!$T$2:$T$501,0)+1,"") -> 117 | C51: =IF(B51="","",INDEX(Takip!$M:$M,B51)) -> 17 | D51: =IF($B51="","",INDEX(Takip!$C:$C,$B51)) -> Bölge 6 | E51: =IF($B51="","",INDEX(Takip!$D:$D,$B51)) -> Mağaza 6B | F51: =IF($B51="","",INDEX(Takip!$A:$A,$B51)) -> S10116 | G51: =IF($B51="","",INDEX(Takip!$B:$B,$B51)) -> Tolga Arslan | H51: =IF($B51="","",INDEX(Takip!$Q:$Q,$B51)) -> Planla | I51: =IF($B51="","",INDEX(Takip!$K:$K,$B51)) -> 46362 | J51: =IF($B51="","",INDEX(Takip!$R:$R,$B51))
A52: =IF(B52="","",45) -> 45 | B52: =IFERROR(MATCH(LARGE(Takip!$T$2:$T$501,45),Takip!$T$2:$T$501,0)+1,"") -> 115 | C52: =IF(B52="","",INDEX(Takip!$M:$M,B52)) -> 17 | D52: =IF($B52="","",INDEX(Takip!$C:$C,$B52)) -> Bölge 6 | E52: =IF($B52="","",INDEX(Takip!$D:$D,$B52)) -> Mağaza 6B | F52: =IF($B52="","",INDEX(Takip!$A:$A,$B52)) -> S10114 | G52: =IF($B52="","",INDEX(Takip!$B:$B,$B52)) -> Oğuz Polat | H52: =IF($B52="","",INDEX(Takip!$Q:$Q,$B52)) -> Planla | I52: =IF($B52="","",INDEX(Takip!$K:$K,$B52)) -> 46499 | J52: =IF($B52="","",INDEX(Takip!$R:$R,$B52))
A53: =IF(B53="","",46) -> 46 | B53: =IFERROR(MATCH(LARGE(Takip!$T$2:$T$501,46),Takip!$T$2:$T$501,0)+1,"") -> 82 | C53: =IF(B53="","",INDEX(Takip!$M:$M,B53)) -> 17 | D53: =IF($B53="","",INDEX(Takip!$C:$C,$B53)) -> Bölge 4 | E53: =IF($B53="","",INDEX(Takip!$D:$D,$B53)) -> Mağaza 4C | F53: =IF($B53="","",INDEX(Takip!$A:$A,$B53)) -> S10081 | G53: =IF($B53="","",INDEX(Takip!$B:$B,$B53)) -> Cem Kaya | H53: =IF($B53="","",INDEX(Takip!$Q:$Q,$B53)) -> Planla | I53: =IF($B53="","",INDEX(Takip!$K:$K,$B53)) -> 46518 | J53: =IF($B53="","",INDEX(Takip!$R:$R,$B53))
A54: =IF(B54="","",47) -> 47 | B54: =IFERROR(MATCH(LARGE(Takip!$T$2:$T$501,47),Takip!$T$2:$T$501,0)+1,"") -> 76 | C54: =IF(B54="","",INDEX(Takip!$M:$M,B54)) -> 17 | D54: =IF($B54="","",INDEX(Takip!$C:$C,$B54)) -> Bölge 4 | E54: =IF($B54="","",INDEX(Takip!$D:$D,$B54)) -> Mağaza 4C | F54: =IF($B54="","",INDEX(Takip!$A:$A,$B54)) -> S10075 | G54: =IF($B54="","",INDEX(Takip!$B:$B,$B54)) -> Derya Demir | H54: =IF($B54="","",INDEX(Takip!$Q:$Q,$B54)) -> Planla | I54: =IF($B54="","",INDEX(Takip!$K:$K,$B54)) -> 46415 | J54: =IF($B54="","",INDEX(Takip!$R:$R,$B54))
A55: =IF(B55="","",48) -> 48 | B55: =IFERROR(MATCH(LARGE(Takip!$T$2:$T$501,48),Takip!$T$2:$T$501,0)+1,"") -> 48 | C55: =IF(B55="","",INDEX(Takip!$M:$M,B55)) -> 17 | D55: =IF($B55="","",INDEX(Takip!$C:$C,$B55)) -> Bölge 3 | E55: =IF($B55="","",INDEX(Takip!$D:$D,$B55)) -> Mağaza 3A | F55: =IF($B55="","",INDEX(Takip!$A:$A,$B55)) -> S10047 | G55: =IF($B55="","",INDEX(Takip!$B:$B,$B55)) -> Cem Polat | H55: =IF($B55="","",INDEX(Takip!$Q:$Q,$B55)) -> Planla | I55: =IF($B55="","",INDEX(Takip!$K:$K,$B55)) -> 46403 | J55: =IF($B55="","",INDEX(Takip!$R:$R,$B55))
A56: =IF(B56="","",49) -> 49 | B56: =IFERROR(MATCH(LARGE(Takip!$T$2:$T$501,49),Takip!$T$2:$T$501,0)+1,"") -> 39 | C56: =IF(B56="","",INDEX(Takip!$M:$M,B56)) -> 17 | D56: =IF($B56="","",INDEX(Takip!$C:$C,$B56)) -> Bölge 2 | E56: =IF($B56="","",INDEX(Takip!$D:$D,$B56)) -> Mağaza 2C | F56: =IF($B56="","",INDEX(Takip!$A:$A,$B56)) -> S10038 | G56: =IF($B56="","",INDEX(Takip!$B:$B,$B56)) -> Umut Aydın | H56: =IF($B56="","",INDEX(Takip!$Q:$Q,$B56)) -> Planla | I56: =IF($B56="","",INDEX(Takip!$K:$K,$B56)) -> 46499 | J56: =IF($B56="","",INDEX(Takip!$R:$R,$B56))
A57: =IF(B57="","",50) -> 50 | B57: =IFERROR(MATCH(LARGE(Takip!$T$2:$T$501,50),Takip!$T$2:$T$501,0)+1,"") -> 35 | C57: =IF(B57="","",INDEX(Takip!$M:$M,B57)) -> 17 | D57: =IF($B57="","",INDEX(Takip!$C:$C,$B57)) -> Bölge 2 | E57: =IF($B57="","",INDEX(Takip!$D:$D,$B57)) -> Mağaza 2B | F57: =IF($B57="","",INDEX(Takip!$A:$A,$B57)) -> S10034 | G57: =IF($B57="","",INDEX(Takip!$B:$B,$B57)) -> Deniz Özdemir | H57: =IF($B57="","",INDEX(Takip!$Q:$Q,$B57)) -> Planla | I57: =IF($B57="","",INDEX(Takip!$K:$K,$B57)) -> 46605 | J57: =IF($B57="","",INDEX(Takip!$R:$R,$B57))
A58: =IF(B58="","",51) -> 51 | B58: =IFERROR(MATCH(LARGE(Takip!$T$2:$T$501,51),Takip!$T$2:$T$501,0)+1,"") -> 28 | C58: =IF(B58="","",INDEX(Takip!$M:$M,B58)) -> 17 | D58: =IF($B58="","",INDEX(Takip!$C:$C,$B58)) -> Bölge 2 | E58: =IF($B58="","",INDEX(Takip!$D:$D,$B58)) -> Mağaza 2A | F58: =IF($B58="","",INDEX(Takip!$A:$A,$B58)) -> S10027 | G58: =IF($B58="","",INDEX(Takip!$B:$B,$B58)) -> Emre Kaya | H58: =IF($B58="","",INDEX(Takip!$Q:$Q,$B58)) -> Planla | I58: =IF($B58="","",INDEX(Takip!$K:$K,$B58)) -> 46366 | J58: =IF($B58="","",INDEX(Takip!$R:$R,$B58))
A59: =IF(B59="","",52) -> 52 | B59: =IFERROR(MATCH(LARGE(Takip!$T$2:$T$501,52),Takip!$T$2:$T$501,0)+1,"") -> 26 | C59: =IF(B59="","",INDEX(Takip!$M:$M,B59)) -> 17 | D59: =IF($B59="","",INDEX(Takip!$C:$C,$B59)) -> Bölge 2 | E59: =IF($B59="","",INDEX(Takip!$D:$D,$B59)) -> Mağaza 2A | F59: =IF($B59="","",INDEX(Takip!$A:$A,$B59)) -> S10025 | G59: =IF($B59="","",INDEX(Takip!$B:$B,$B59)) -> Can Öztürk | H59: =IF($B59="","",INDEX(Takip!$Q:$Q,$B59)) -> Planla | I59: =IF($B59="","",INDEX(Takip!$K:$K,$B59)) -> 46583 | J59: =IF($B59="","",INDEX(Takip!$R:$R,$B59))
A60: =IF(B60="","",53) -> 53 | B60: =IFERROR(MATCH(LARGE(Takip!$T$2:$T$501,53),Takip!$T$2:$T$501,0)+1,"") -> 19 | C60: =IF(B60="","",INDEX(Takip!$M:$M,B60)) -> 17 | D60: =IF($B60="","",INDEX(Takip!$C:$C,$B60)) -> Bölge 1 | E60: =IF($B60="","",INDEX(Takip!$D:$D,$B60)) -> Mağaza 1C | F60: =IF($B60="","",INDEX(Takip!$A:$A,$B60)) -> S10018 | G60: =IF($B60="","",INDEX(Takip!$B:$B,$B60)) -> Kaan Polat | H60: =IF($B60="","",INDEX(Takip!$Q:$Q,$B60)) -> Planla | I60: =IF($B60="","",INDEX(Takip!$K:$K,$B60)) -> 46504 | J60: =IF($B60="","",INDEX(Takip!$R:$R,$B60))
A61: =IF(B61="","",54) -> 54 | B61: =IFERROR(MATCH(LARGE(Takip!$T$2:$T$501,54),Takip!$T$2:$T$501,0)+1,"") -> 112 | C61: =IF(B61="","",INDEX(Takip!$M:$M,B61)) -> 15 | D61: =IF($B61="","",INDEX(Takip!$C:$C,$B61)) -> Bölge 6 | E61: =IF($B61="","",INDEX(Takip!$D:$D,$B61)) -> Mağaza 6A | F61: =IF($B61="","",INDEX(Takip!$A:$A,$B61)) -> S10111 | G61: =IF($B61="","",INDEX(Takip!$B:$B,$B61)) -> Selin Aslan | H61: =IF($B61="","",INDEX(Takip!$Q:$Q,$B61)) -> Planla | I61: =IF($B61="","",INDEX(Takip!$K:$K,$B61)) -> 46452 | J61: =IF($B61="","",INDEX(Takip!$R:$R,$B61))
A62: =IF(B62="","",55) -> 55 | B62: =IFERROR(MATCH(LARGE(Takip!$T$2:$T$501,55),Takip!$T$2:$T$501,0)+1,"") -> 103 | C62: =IF(B62="","",INDEX(Takip!$M:$M,B62)) -> 15 | D62: =IF($B62="","",INDEX(Takip!$C:$C,$B62)) -> Bölge 5 | E62: =IF($B62="","",INDEX(Takip!$D:$D,$B62)) -> Mağaza 5D | F62: =IF($B62="","",INDEX(Takip!$A:$A,$B62)) -> S10102 | G62: =IF($B62="","",INDEX(Takip!$B:$B,$B62)) -> Burak Çelik | H62: =IF($B62="","",INDEX(Takip!$Q:$Q,$B62)) -> Planla | I62: =IF($B62="","",INDEX(Takip!$K:$K,$B62)) -> 46393 | J62: =IF($B62="","",INDEX(Takip!$R:$R,$B62))
A63: =IF(B63="","",56) -> 56 | B63: =IFERROR(MATCH(LARGE(Takip!$T$2:$T$501,56),Takip!$T$2:$T$501,0)+1,"") -> 70 | C63: =IF(B63="","",INDEX(Takip!$M:$M,B63)) -> 15 | D63: =IF($B63="","",INDEX(Takip!$C:$C,$B63)) -> Bölge 4 | E63: =IF($B63="","",INDEX(Takip!$D:$D,$B63)) -> Mağaza 4B | F63: =IF($B63="","",INDEX(Takip!$A:$A,$B63)) -> S10069 | G63: =IF($B63="","",INDEX(Takip!$B:$B,$B63)) -> Deniz Çelik | H63: =IF($B63="","",INDEX(Takip!$Q:$Q,$B63)) -> Planla | I63: =IF($B63="","",INDEX(Takip!$K:$K,$B63)) -> 46511 | J63: =IF($B63="","",INDEX(Takip!$R:$R,$B63))
A64: =IF(B64="","",57) -> 57 | B64: =IFERROR(MATCH(LARGE(Takip!$T$2:$T$501,57),Takip!$T$2:$T$501,0)+1,"") -> 58 | C64: =IF(B64="","",INDEX(Takip!$M:$M,B64)) -> 15 | D64: =IF($B64="","",INDEX(Takip!$C:$C,$B64)) -> Bölge 3 | E64: =IF($B64="","",INDEX(Takip!$D:$D,$B64)) -> Mağaza 3C | F64: =IF($B64="","",INDEX(Takip!$A:$A,$B64)) -> S10057 | G64: =IF($B64="","",INDEX(Takip!$B:$B,$B64)) -> Tolga Doğan | H64: =IF($B64="","",INDEX(Takip!$Q:$Q,$B64)) -> Planla | I64: =IF($B64="","",INDEX(Takip!$K:$K,$B64)) -> 46282 | J64: =IF($B64="","",INDEX(Takip!$R:$R,$B64)) -> Evet
A65: =IF(B65="","",58) -> 58 | B65: =IFERROR(MATCH(LARGE(Takip!$T$2:$T$501,58),Takip!$T$2:$T$501,0)+1,"") -> 44 | C65: =IF(B65="","",INDEX(Takip!$M:$M,B65)) -> 15 | D65: =IF($B65="","",INDEX(Takip!$C:$C,$B65)) -> Bölge 3 | E65: =IF($B65="","",INDEX(Takip!$D:$D,$B65)) -> Mağaza 3A | F65: =IF($B65="","",INDEX(Takip!$A:$A,$B65)) -> S10043 | G65: =IF($B65="","",INDEX(Takip!$B:$B,$B65)) -> Elif Şahin | H65: =IF($B65="","",INDEX(Takip!$Q:$Q,$B65)) -> Planla | I65: =IF($B65="","",INDEX(Takip!$K:$K,$B65)) -> 46310 | J65: =IF($B65="","",INDEX(Takip!$R:$R,$B65)) -> Evet
A66: =IF(B66="","",59) -> 59 | B66: =IFERROR(MATCH(LARGE(Takip!$T$2:$T$501,59),Takip!$T$2:$T$501,0)+1,"") -> 43 | C66: =IF(B66="","",INDEX(Takip!$M:$M,B66)) -> 15 | D66: =IF($B66="","",INDEX(Takip!$C:$C,$B66)) -> Bölge 3 | E66: =IF($B66="","",INDEX(Takip!$D:$D,$B66)) -> Mağaza 3A | F66: =IF($B66="","",INDEX(Takip!$A:$A,$B66)) -> S10042 | G66: =IF($B66="","",INDEX(Takip!$B:$B,$B66)) -> Derya Kaya | H66: =IF($B66="","",INDEX(Takip!$Q:$Q,$B66)) -> Planla | I66: =IF($B66="","",INDEX(Takip!$K:$K,$B66)) -> 46399 | J66: =IF($B66="","",INDEX(Takip!$R:$R,$B66))
A67: =IF(B67="","",60) -> 60 | B67: =IFERROR(MATCH(LARGE(Takip!$T$2:$T$501,60),Takip!$T$2:$T$501,0)+1,"") -> 29 | C67: =IF(B67="","",INDEX(Takip!$M:$M,B67)) -> 15 | D67: =IF($B67="","",INDEX(Takip!$C:$C,$B67)) -> Bölge 2 | E67: =IF($B67="","",INDEX(Takip!$D:$D,$B67)) -> Mağaza 2A | F67: =IF($B67="","",INDEX(Takip!$A:$A,$B67)) -> S10028 | G67: =IF($B67="","",INDEX(Takip!$B:$B,$B67)) -> Tolga Aydın | H67: =IF($B67="","",INDEX(Takip!$Q:$Q,$B67)) -> Planla | I67: =IF($B67="","",INDEX(Takip!$K:$K,$B67)) -> 46640 | J67: =IF($B67="","",INDEX(Takip!$R:$R,$B67))
A68: =IF(B68="","",61) -> 61 | B68: =IFERROR(MATCH(LARGE(Takip!$T$2:$T$501,61),Takip!$T$2:$T$501,0)+1,"") -> 11 | C68: =IF(B68="","",INDEX(Takip!$M:$M,B68)) -> 15 | D68: =IF($B68="","",INDEX(Takip!$C:$C,$B68)) -> Bölge 1 | E68: =IF($B68="","",INDEX(Takip!$D:$D,$B68)) -> Mağaza 1B | F68: =IF($B68="","",INDEX(Takip!$A:$A,$B68)) -> S10010 | G68: =IF($B68="","",INDEX(Takip!$B:$B,$B68)) -> Burak Kılıç | H68: =IF($B68="","",INDEX(Takip!$Q:$Q,$B68)) -> Planla | I68: =IF($B68="","",INDEX(Takip!$K:$K,$B68)) -> 46602 | J68: =IF($B68="","",INDEX(Takip!$R:$R,$B68))
A69: =IF(B69="","",62) -> 62 | B69: =IFERROR(MATCH(LARGE(Takip!$T$2:$T$501,62),Takip!$T$2:$T$501,0)+1,"") -> 97 | C69: =IF(B69="","",INDEX(Takip!$M:$M,B69)) -> 14 | D69: =IF($B69="","",INDEX(Takip!$C:$C,$B69)) -> Bölge 5 | E69: =IF($B69="","",INDEX(Takip!$D:$D,$B69)) -> Mağaza 5C | F69: =IF($B69="","",INDEX(Takip!$A:$A,$B69)) -> S10096 | G69: =IF($B69="","",INDEX(Takip!$B:$B,$B69)) -> Mehmet Demir | H69: =IF($B69="","",INDEX(Takip!$Q:$Q,$B69)) -> Planla | I69: =IF($B69="","",INDEX(Takip!$K:$K,$B69)) -> 46424 | J69: =IF($B69="","",INDEX(Takip!$R:$R,$B69))
A70: =IF(B70="","",63) -> 63 | B70: =IFERROR(MATCH(LARGE(Takip!$T$2:$T$501,63),Takip!$T$2:$T$501,0)+1,"") -> 75 | C70: =IF(B70="","",INDEX(Takip!$M:$M,B70)) -> 14 | D70: =IF($B70="","",INDEX(Takip!$C:$C,$B70)) -> Bölge 4 | E70: =IF($B70="","",INDEX(Takip!$D:$D,$B70)) -> Mağaza 4B | F70: =IF($B70="","",INDEX(Takip!$A:$A,$B70)) -> S10074 | G70: =IF($B70="","",INDEX(Takip!$B:$B,$B70)) -> Oğuz Öztürk | H70: =IF($B70="","",INDEX(Takip!$Q:$Q,$B70)) -> Planla | I70: =IF($B70="","",INDEX(Takip!$K:$K,$B70)) -> 46551 | J70: =IF($B70="","",INDEX(Takip!$R:$R,$B70))
A71: =IF(B71="","",64) -> 64 | B71: =IFERROR(MATCH(LARGE(Takip!$T$2:$T$501,64),Takip!$T$2:$T$501,0)+1,"") -> 67 | C71: =IF(B71="","",INDEX(Takip!$M:$M,B71)) -> 14 | D71: =IF($B71="","",INDEX(Takip!$C:$C,$B71)) -> Bölge 4 | E71: =IF($B71="","",INDEX(Takip!$D:$D,$B71)) -> Mağaza 4A | F71: =IF($B71="","",INDEX(Takip!$A:$A,$B71)) -> S10066 | G71: =IF($B71="","",INDEX(Takip!$B:$B,$B71)) -> Onur Koç | H71: =IF($B71="","",INDEX(Takip!$Q:$Q,$B71)) -> Planla | I71: =IF($B71="","",INDEX(Takip!$K:$K,$B71)) -> 46565 | J71: =IF($B71="","",INDEX(Takip!$R:$R,$B71))
A72: =IF(B72="","",65) -> 65 | B72: =IFERROR(MATCH(LARGE(Takip!$T$2:$T$501,65),Takip!$T$2:$T$501,0)+1,"") -> 63 | C72: =IF(B72="","",INDEX(Takip!$M:$M,B72)) -> 14 | D72: =IF($B72="","",INDEX(Takip!$C:$C,$B72)) -> Bölge 4 | E72: =IF($B72="","",INDEX(Takip!$D:$D,$B72)) -> Mağaza 4A | F72: =IF($B72="","",INDEX(Takip!$A:$A,$B72)) -> S10062 | G72: =IF($B72="","",INDEX(Takip!$B:$B,$B72)) -> Selin Kaya | H72: =IF($B72="","",INDEX(Takip!$Q:$Q,$B72)) -> Planla | I72: =IF($B72="","",INDEX(Takip!$K:$K,$B72)) -> 46460 | J72: =IF($B72="","",INDEX(Takip!$R:$R,$B72))
A73: =IF(B73="","",66) -> 66 | B73: =IFERROR(MATCH(LARGE(Takip!$T$2:$T$501,66),Takip!$T$2:$T$501,0)+1,"") -> 51 | C73: =IF(B73="","",INDEX(Takip!$M:$M,B73)) -> 14 | D73: =IF($B73="","",INDEX(Takip!$C:$C,$B73)) -> Bölge 3 | E73: =IF($B73="","",INDEX(Takip!$D:$D,$B73)) -> Mağaza 3B | F73: =IF($B73="","",INDEX(Takip!$A:$A,$B73)) -> S10050 | G73: =IF($B73="","",INDEX(Takip!$B:$B,$B73)) -> Selin Koç | H73: =IF($B73="","",INDEX(Takip!$Q:$Q,$B73)) -> Planla | I73: =IF($B73="","",INDEX(Takip!$K:$K,$B73)) -> 46540 | J73: =IF($B73="","",INDEX(Takip!$R:$R,$B73))
A74: =IF(B74="","",67) -> 67 | B74: =IFERROR(MATCH(LARGE(Takip!$T$2:$T$501,67),Takip!$T$2:$T$501,0)+1,"") -> 38 | C74: =IF(B74="","",INDEX(Takip!$M:$M,B74)) -> 14 | D74: =IF($B74="","",INDEX(Takip!$C:$C,$B74)) -> Bölge 2 | E74: =IF($B74="","",INDEX(Takip!$D:$D,$B74)) -> Mağaza 2C | F74: =IF($B74="","",INDEX(Takip!$A:$A,$B74)) -> S10037 | G74: =IF($B74="","",INDEX(Takip!$B:$B,$B74)) -> Emre Yıldız | H74: =IF($B74="","",INDEX(Takip!$Q:$Q,$B74)) -> Planla | I74: =IF($B74="","",INDEX(Takip!$K:$K,$B74)) -> 46640 | J74: =IF($B74="","",INDEX(Takip!$R:$R,$B74))
A75: =IF(B75="","",68) -> 68 | B75: =IFERROR(MATCH(LARGE(Takip!$T$2:$T$501,68),Takip!$T$2:$T$501,0)+1,"") -> 8 | C75: =IF(B75="","",INDEX(Takip!$M:$M,B75)) -> 14 | D75: =IF($B75="","",INDEX(Takip!$C:$C,$B75)) -> Bölge 1 | E75: =IF($B75="","",INDEX(Takip!$D:$D,$B75)) -> Mağaza 1A | F75: =IF($B75="","",INDEX(Takip!$A:$A,$B75)) -> S10007 | G75: =IF($B75="","",INDEX(Takip!$B:$B,$B75)) -> Tolga Koç | H75: =IF($B75="","",INDEX(Takip!$Q:$Q,$B75)) -> Planla | I75: =IF($B75="","",INDEX(Takip!$K:$K,$B75)) -> 46484 | J75: =IF($B75="","",INDEX(Takip!$R:$R,$B75))
A76: =IF(B76="","",69) -> 69 | B76: =IFERROR(MATCH(LARGE(Takip!$T$2:$T$501,69),Takip!$T$2:$T$501,0)+1,"") -> 2 | C76: =IF(B76="","",INDEX(Takip!$M:$M,B76)) -> 14 | D76: =IF($B76="","",INDEX(Takip!$C:$C,$B76)) -> Bölge 1 | E76: =IF($B76="","",INDEX(Takip!$D:$D,$B76)) -> Mağaza 1A | F76: =IF($B76="","",INDEX(Takip!$A:$A,$B76)) -> S10001 | G76: =IF($B76="","",INDEX(Takip!$B:$B,$B76)) -> Buse Yıldız | H76: =IF($B76="","",INDEX(Takip!$Q:$Q,$B76)) -> Planla | I76: =IF($B76="","",INDEX(Takip!$K:$K,$B76)) -> 46336 | J76: =IF($B76="","",INDEX(Takip!$R:$R,$B76)) -> Evet
A77: =IF(B77="","",70) | B77: =IFERROR(MATCH(LARGE(Takip!$T$2:$T$501,70),Takip!$T$2:$T$501,0)+1,"") | C77: =IF(B77="","",INDEX(Takip!$M:$M,B77)) | D77: =IF($B77="","",INDEX(Takip!$C:$C,$B77)) | E77: =IF($B77="","",INDEX(Takip!$D:$D,$B77)) | F77: =IF($B77="","",INDEX(Takip!$A:$A,$B77)) | G77: =IF($B77="","",INDEX(Takip!$B:$B,$B77)) | H77: =IF($B77="","",INDEX(Takip!$Q:$Q,$B77)) | I77: =IF($B77="","",INDEX(Takip!$K:$K,$B77)) | J77: =IF($B77="","",INDEX(Takip!$R:$R,$B77))
A78: =IF(B78="","",71) | B78: =IFERROR(MATCH(LARGE(Takip!$T$2:$T$501,71),Takip!$T$2:$T$501,0)+1,"") | C78: =IF(B78="","",INDEX(Takip!$M:$M,B78)) | D78: =IF($B78="","",INDEX(Takip!$C:$C,$B78)) | E78: =IF($B78="","",INDEX(Takip!$D:$D,$B78)) | F78: =IF($B78="","",INDEX(Takip!$A:$A,$B78)) | G78: =IF($B78="","",INDEX(Takip!$B:$B,$B78)) | H78: =IF($B78="","",INDEX(Takip!$Q:$Q,$B78)) | I78: =IF($B78="","",INDEX(Takip!$K:$K,$B78)) | J78: =IF($B78="","",INDEX(Takip!$R:$R,$B78))
A79: =IF(B79="","",72) | B79: =IFERROR(MATCH(LARGE(Takip!$T$2:$T$501,72),Takip!$T$2:$T$501,0)+1,"") | C79: =IF(B79="","",INDEX(Takip!$M:$M,B79)) | D79: =IF($B79="","",INDEX(Takip!$C:$C,$B79)) | E79: =IF($B79="","",INDEX(Takip!$D:$D,$B79)) | F79: =IF($B79="","",INDEX(Takip!$A:$A,$B79)) | G79: =IF($B79="","",INDEX(Takip!$B:$B,$B79)) | H79: =IF($B79="","",INDEX(Takip!$Q:$Q,$B79)) | I79: =IF($B79="","",INDEX(Takip!$K:$K,$B79)) | J79: =IF($B79="","",INDEX(Takip!$R:$R,$B79))
A80: =IF(B80="","",73) | B80: =IFERROR(MATCH(LARGE(Takip!$T$2:$T$501,73),Takip!$T$2:$T$501,0)+1,"") | C80: =IF(B80="","",INDEX(Takip!$M:$M,B80)) | D80: =IF($B80="","",INDEX(Takip!$C:$C,$B80)) | E80: =IF($B80="","",INDEX(Takip!$D:$D,$B80)) | F80: =IF($B80="","",INDEX(Takip!$A:$A,$B80)) | G80: =IF($B80="","",INDEX(Takip!$B:$B,$B80)) | H80: =IF($B80="","",INDEX(Takip!$Q:$Q,$B80)) | I80: =IF($B80="","",INDEX(Takip!$K:$K,$B80)) | J80: =IF($B80="","",INDEX(Takip!$R:$R,$B80))
A81: =IF(B81="","",74) | B81: =IFERROR(MATCH(LARGE(Takip!$T$2:$T$501,74),Takip!$T$2:$T$501,0)+1,"") | C81: =IF(B81="","",INDEX(Takip!$M:$M,B81)) | D81: =IF($B81="","",INDEX(Takip!$C:$C,$B81)) | E81: =IF($B81="","",INDEX(Takip!$D:$D,$B81)) | F81: =IF($B81="","",INDEX(Takip!$A:$A,$B81)) | G81: =IF($B81="","",INDEX(Takip!$B:$B,$B81)) | H81: =IF($B81="","",INDEX(Takip!$Q:$Q,$B81)) | I81: =IF($B81="","",INDEX(Takip!$K:$K,$B81)) | J81: =IF($B81="","",INDEX(Takip!$R:$R,$B81))
A82: =IF(B82="","",75) | B82: =IFERROR(MATCH(LARGE(Takip!$T$2:$T$501,75),Takip!$T$2:$T$501,0)+1,"") | C82: =IF(B82="","",INDEX(Takip!$M:$M,B82)) | D82: =IF($B82="","",INDEX(Takip!$C:$C,$B82)) | E82: =IF($B82="","",INDEX(Takip!$D:$D,$B82)) | F82: =IF($B82="","",INDEX(Takip!$A:$A,$B82)) | G82: =IF($B82="","",INDEX(Takip!$B:$B,$B82)) | H82: =IF($B82="","",INDEX(Takip!$Q:$Q,$B82)) | I82: =IF($B82="","",INDEX(Takip!$K:$K,$B82)) | J82: =IF($B82="","",INDEX(Takip!$R:$R,$B82))
A83: =IF(B83="","",76) | B83: =IFERROR(MATCH(LARGE(Takip!$T$2:$T$501,76),Takip!$T$2:$T$501,0)+1,"") | C83: =IF(B83="","",INDEX(Takip!$M:$M,B83)) | D83: =IF($B83="","",INDEX(Takip!$C:$C,$B83)) | E83: =IF($B83="","",INDEX(Takip!$D:$D,$B83)) | F83: =IF($B83="","",INDEX(Takip!$A:$A,$B83)) | G83: =IF($B83="","",INDEX(Takip!$B:$B,$B83)) | H83: =IF($B83="","",INDEX(Takip!$Q:$Q,$B83)) | I83: =IF($B83="","",INDEX(Takip!$K:$K,$B83)) | J83: =IF($B83="","",INDEX(Takip!$R:$R,$B83))
A84: =IF(B84="","",77) | B84: =IFERROR(MATCH(LARGE(Takip!$T$2:$T$501,77),Takip!$T$2:$T$501,0)+1,"") | C84: =IF(B84="","",INDEX(Takip!$M:$M,B84)) | D84: =IF($B84="","",INDEX(Takip!$C:$C,$B84)) | E84: =IF($B84="","",INDEX(Takip!$D:$D,$B84)) | F84: =IF($B84="","",INDEX(Takip!$A:$A,$B84)) | G84: =IF($B84="","",INDEX(Takip!$B:$B,$B84)) | H84: =IF($B84="","",INDEX(Takip!$Q:$Q,$B84)) | I84: =IF($B84="","",INDEX(Takip!$K:$K,$B84)) | J84: =IF($B84="","",INDEX(Takip!$R:$R,$B84))
A85: =IF(B85="","",78) | B85: =IFERROR(MATCH(LARGE(Takip!$T$2:$T$501,78),Takip!$T$2:$T$501,0)+1,"") | C85: =IF(B85="","",INDEX(Takip!$M:$M,B85)) | D85: =IF($B85="","",INDEX(Takip!$C:$C,$B85)) | E85: =IF($B85="","",INDEX(Takip!$D:$D,$B85)) | F85: =IF($B85="","",INDEX(Takip!$A:$A,$B85)) | G85: =IF($B85="","",INDEX(Takip!$B:$B,$B85)) | H85: =IF($B85="","",INDEX(Takip!$Q:$Q,$B85)) | I85: =IF($B85="","",INDEX(Takip!$K:$K,$B85)) | J85: =IF($B85="","",INDEX(Takip!$R:$R,$B85))
A86: =IF(B86="","",79) | B86: =IFERROR(MATCH(LARGE(Takip!$T$2:$T$501,79),Takip!$T$2:$T$501,0)+1,"") | C86: =IF(B86="","",INDEX(Takip!$M:$M,B86)) | D86: =IF($B86="","",INDEX(Takip!$C:$C,$B86)) | E86: =IF($B86="","",INDEX(Takip!$D:$D,$B86)) | F86: =IF($B86="","",INDEX(Takip!$A:$A,$B86)) | G86: =IF($B86="","",INDEX(Takip!$B:$B,$B86)) | H86: =IF($B86="","",INDEX(Takip!$Q:$Q,$B86)) | I86: =IF($B86="","",INDEX(Takip!$K:$K,$B86)) | J86: =IF($B86="","",INDEX(Takip!$R:$R,$B86))
A87: =IF(B87="","",80) | B87: =IFERROR(MATCH(LARGE(Takip!$T$2:$T$501,80),Takip!$T$2:$T$501,0)+1,"") | C87: =IF(B87="","",INDEX(Takip!$M:$M,B87)) | D87: =IF($B87="","",INDEX(Takip!$C:$C,$B87)) | E87: =IF($B87="","",INDEX(Takip!$D:$D,$B87)) | F87: =IF($B87="","",INDEX(Takip!$A:$A,$B87)) | G87: =IF($B87="","",INDEX(Takip!$B:$B,$B87)) | H87: =IF($B87="","",INDEX(Takip!$Q:$Q,$B87)) | I87: =IF($B87="","",INDEX(Takip!$K:$K,$B87)) | J87: =IF($B87="","",INDEX(Takip!$R:$R,$B87))
A88: =IF(B88="","",81) | B88: =IFERROR(MATCH(LARGE(Takip!$T$2:$T$501,81),Takip!$T$2:$T$501,0)+1,"") | C88: =IF(B88="","",INDEX(Takip!$M:$M,B88)) | D88: =IF($B88="","",INDEX(Takip!$C:$C,$B88)) | E88: =IF($B88="","",INDEX(Takip!$D:$D,$B88)) | F88: =IF($B88="","",INDEX(Takip!$A:$A,$B88)) | G88: =IF($B88="","",INDEX(Takip!$B:$B,$B88)) | H88: =IF($B88="","",INDEX(Takip!$Q:$Q,$B88)) | I88: =IF($B88="","",INDEX(Takip!$K:$K,$B88)) | J88: =IF($B88="","",INDEX(Takip!$R:$R,$B88))
A89: =IF(B89="","",82) | B89: =IFERROR(MATCH(LARGE(Takip!$T$2:$T$501,82),Takip!$T$2:$T$501,0)+1,"") | C89: =IF(B89="","",INDEX(Takip!$M:$M,B89)) | D89: =IF($B89="","",INDEX(Takip!$C:$C,$B89)) | E89: =IF($B89="","",INDEX(Takip!$D:$D,$B89)) | F89: =IF($B89="","",INDEX(Takip!$A:$A,$B89)) | G89: =IF($B89="","",INDEX(Takip!$B:$B,$B89)) | H89: =IF($B89="","",INDEX(Takip!$Q:$Q,$B89)) | I89: =IF($B89="","",INDEX(Takip!$K:$K,$B89)) | J89: =IF($B89="","",INDEX(Takip!$R:$R,$B89))
A90: =IF(B90="","",83) | B90: =IFERROR(MATCH(LARGE(Takip!$T$2:$T$501,83),Takip!$T$2:$T$501,0)+1,"") | C90: =IF(B90="","",INDEX(Takip!$M:$M,B90)) | D90: =IF($B90="","",INDEX(Takip!$C:$C,$B90)) | E90: =IF($B90="","",INDEX(Takip!$D:$D,$B90)) | F90: =IF($B90="","",INDEX(Takip!$A:$A,$B90)) | G90: =IF($B90="","",INDEX(Takip!$B:$B,$B90)) | H90: =IF($B90="","",INDEX(Takip!$Q:$Q,$B90)) | I90: =IF($B90="","",INDEX(Takip!$K:$K,$B90)) | J90: =IF($B90="","",INDEX(Takip!$R:$R,$B90))
A91: =IF(B91="","",84) | B91: =IFERROR(MATCH(LARGE(Takip!$T$2:$T$501,84),Takip!$T$2:$T$501,0)+1,"") | C91: =IF(B91="","",INDEX(Takip!$M:$M,B91)) | D91: =IF($B91="","",INDEX(Takip!$C:$C,$B91)) | E91: =IF($B91="","",INDEX(Takip!$D:$D,$B91)) | F91: =IF($B91="","",INDEX(Takip!$A:$A,$B91)) | G91: =IF($B91="","",INDEX(Takip!$B:$B,$B91)) | H91: =IF($B91="","",INDEX(Takip!$Q:$Q,$B91)) | I91: =IF($B91="","",INDEX(Takip!$K:$K,$B91)) | J91: =IF($B91="","",INDEX(Takip!$R:$R,$B91))
A92: =IF(B92="","",85) | B92: =IFERROR(MATCH(LARGE(Takip!$T$2:$T$501,85),Takip!$T$2:$T$501,0)+1,"") | C92: =IF(B92="","",INDEX(Takip!$M:$M,B92)) | D92: =IF($B92="","",INDEX(Takip!$C:$C,$B92)) | E92: =IF($B92="","",INDEX(Takip!$D:$D,$B92)) | F92: =IF($B92="","",INDEX(Takip!$A:$A,$B92)) | G92: =IF($B92="","",INDEX(Takip!$B:$B,$B92)) | H92: =IF($B92="","",INDEX(Takip!$Q:$Q,$B92)) | I92: =IF($B92="","",INDEX(Takip!$K:$K,$B92)) | J92: =IF($B92="","",INDEX(Takip!$R:$R,$B92))
A93: =IF(B93="","",86) | B93: =IFERROR(MATCH(LARGE(Takip!$T$2:$T$501,86),Takip!$T$2:$T$501,0)+1,"") | C93: =IF(B93="","",INDEX(Takip!$M:$M,B93)) | D93: =IF($B93="","",INDEX(Takip!$C:$C,$B93)) | E93: =IF($B93="","",INDEX(Takip!$D:$D,$B93)) | F93: =IF($B93="","",INDEX(Takip!$A:$A,$B93)) | G93: =IF($B93="","",INDEX(Takip!$B:$B,$B93)) | H93: =IF($B93="","",INDEX(Takip!$Q:$Q,$B93)) | I93: =IF($B93="","",INDEX(Takip!$K:$K,$B93)) | J93: =IF($B93="","",INDEX(Takip!$R:$R,$B93))
A94: =IF(B94="","",87) | B94: =IFERROR(MATCH(LARGE(Takip!$T$2:$T$501,87),Takip!$T$2:$T$501,0)+1,"") | C94: =IF(B94="","",INDEX(Takip!$M:$M,B94)) | D94: =IF($B94="","",INDEX(Takip!$C:$C,$B94)) | E94: =IF($B94="","",INDEX(Takip!$D:$D,$B94)) | F94: =IF($B94="","",INDEX(Takip!$A:$A,$B94)) | G94: =IF($B94="","",INDEX(Takip!$B:$B,$B94)) | H94: =IF($B94="","",INDEX(Takip!$Q:$Q,$B94)) | I94: =IF($B94="","",INDEX(Takip!$K:$K,$B94)) | J94: =IF($B94="","",INDEX(Takip!$R:$R,$B94))
A95: =IF(B95="","",88) | B95: =IFERROR(MATCH(LARGE(Takip!$T$2:$T$501,88),Takip!$T$2:$T$501,0)+1,"") | C95: =IF(B95="","",INDEX(Takip!$M:$M,B95)) | D95: =IF($B95="","",INDEX(Takip!$C:$C,$B95)) | E95: =IF($B95="","",INDEX(Takip!$D:$D,$B95)) | F95: =IF($B95="","",INDEX(Takip!$A:$A,$B95)) | G95: =IF($B95="","",INDEX(Takip!$B:$B,$B95)) | H95: =IF($B95="","",INDEX(Takip!$Q:$Q,$B95)) | I95: =IF($B95="","",INDEX(Takip!$K:$K,$B95)) | J95: =IF($B95="","",INDEX(Takip!$R:$R,$B95))
A96: =IF(B96="","",89) | B96: =IFERROR(MATCH(LARGE(Takip!$T$2:$T$501,89),Takip!$T$2:$T$501,0)+1,"") | C96: =IF(B96="","",INDEX(Takip!$M:$M,B96)) | D96: =IF($B96="","",INDEX(Takip!$C:$C,$B96)) | E96: =IF($B96="","",INDEX(Takip!$D:$D,$B96)) | F96: =IF($B96="","",INDEX(Takip!$A:$A,$B96)) | G96: =IF($B96="","",INDEX(Takip!$B:$B,$B96)) | H96: =IF($B96="","",INDEX(Takip!$Q:$Q,$B96)) | I96: =IF($B96="","",INDEX(Takip!$K:$K,$B96)) | J96: =IF($B96="","",INDEX(Takip!$R:$R,$B96))
A97: =IF(B97="","",90) | B97: =IFERROR(MATCH(LARGE(Takip!$T$2:$T$501,90),Takip!$T$2:$T$501,0)+1,"") | C97: =IF(B97="","",INDEX(Takip!$M:$M,B97)) | D97: =IF($B97="","",INDEX(Takip!$C:$C,$B97)) | E97: =IF($B97="","",INDEX(Takip!$D:$D,$B97)) | F97: =IF($B97="","",INDEX(Takip!$A:$A,$B97)) | G97: =IF($B97="","",INDEX(Takip!$B:$B,$B97)) | H97: =IF($B97="","",INDEX(Takip!$Q:$Q,$B97)) | I97: =IF($B97="","",INDEX(Takip!$K:$K,$B97)) | J97: =IF($B97="","",INDEX(Takip!$R:$R,$B97))
A98: =IF(B98="","",91) | B98: =IFERROR(MATCH(LARGE(Takip!$T$2:$T$501,91),Takip!$T$2:$T$501,0)+1,"") | C98: =IF(B98="","",INDEX(Takip!$M:$M,B98)) | D98: =IF($B98="","",INDEX(Takip!$C:$C,$B98)) | E98: =IF($B98="","",INDEX(Takip!$D:$D,$B98)) | F98: =IF($B98="","",INDEX(Takip!$A:$A,$B98)) | G98: =IF($B98="","",INDEX(Takip!$B:$B,$B98)) | H98: =IF($B98="","",INDEX(Takip!$Q:$Q,$B98)) | I98: =IF($B98="","",INDEX(Takip!$K:$K,$B98)) | J98: =IF($B98="","",INDEX(Takip!$R:$R,$B98))
A99: =IF(B99="","",92) | B99: =IFERROR(MATCH(LARGE(Takip!$T$2:$T$501,92),Takip!$T$2:$T$501,0)+1,"") | C99: =IF(B99="","",INDEX(Takip!$M:$M,B99)) | D99: =IF($B99="","",INDEX(Takip!$C:$C,$B99)) | E99: =IF($B99="","",INDEX(Takip!$D:$D,$B99)) | F99: =IF($B99="","",INDEX(Takip!$A:$A,$B99)) | G99: =IF($B99="","",INDEX(Takip!$B:$B,$B99)) | H99: =IF($B99="","",INDEX(Takip!$Q:$Q,$B99)) | I99: =IF($B99="","",INDEX(Takip!$K:$K,$B99)) | J99: =IF($B99="","",INDEX(Takip!$R:$R,$B99))
A100: =IF(B100="","",93) | B100: =IFERROR(MATCH(LARGE(Takip!$T$2:$T$501,93),Takip!$T$2:$T$501,0)+1,"") | C100: =IF(B100="","",INDEX(Takip!$M:$M,B100)) | D100: =IF($B100="","",INDEX(Takip!$C:$C,$B100)) | E100: =IF($B100="","",INDEX(Takip!$D:$D,$B100)) | F100: =IF($B100="","",INDEX(Takip!$A:$A,$B100)) | G100: =IF($B100="","",INDEX(Takip!$B:$B,$B100)) | H100: =IF($B100="","",INDEX(Takip!$Q:$Q,$B100)) | I100: =IF($B100="","",INDEX(Takip!$K:$K,$B100)) | J100: =IF($B100="","",INDEX(Takip!$R:$R,$B100))
A101: =IF(B101="","",94) | B101: =IFERROR(MATCH(LARGE(Takip!$T$2:$T$501,94),Takip!$T$2:$T$501,0)+1,"") | C101: =IF(B101="","",INDEX(Takip!$M:$M,B101)) | D101: =IF($B101="","",INDEX(Takip!$C:$C,$B101)) | E101: =IF($B101="","",INDEX(Takip!$D:$D,$B101)) | F101: =IF($B101="","",INDEX(Takip!$A:$A,$B101)) | G101: =IF($B101="","",INDEX(Takip!$B:$B,$B101)) | H101: =IF($B101="","",INDEX(Takip!$Q:$Q,$B101)) | I101: =IF($B101="","",INDEX(Takip!$K:$K,$B101)) | J101: =IF($B101="","",INDEX(Takip!$R:$R,$B101))
A102: =IF(B102="","",95) | B102: =IFERROR(MATCH(LARGE(Takip!$T$2:$T$501,95),Takip!$T$2:$T$501,0)+1,"") | C102: =IF(B102="","",INDEX(Takip!$M:$M,B102)) | D102: =IF($B102="","",INDEX(Takip!$C:$C,$B102)) | E102: =IF($B102="","",INDEX(Takip!$D:$D,$B102)) | F102: =IF($B102="","",INDEX(Takip!$A:$A,$B102)) | G102: =IF($B102="","",INDEX(Takip!$B:$B,$B102)) | H102: =IF($B102="","",INDEX(Takip!$Q:$Q,$B102)) | I102: =IF($B102="","",INDEX(Takip!$K:$K,$B102)) | J102: =IF($B102="","",INDEX(Takip!$R:$R,$B102))
A103: =IF(B103="","",96) | B103: =IFERROR(MATCH(LARGE(Takip!$T$2:$T$501,96),Takip!$T$2:$T$501,0)+1,"") | C103: =IF(B103="","",INDEX(Takip!$M:$M,B103)) | D103: =IF($B103="","",INDEX(Takip!$C:$C,$B103)) | E103: =IF($B103="","",INDEX(Takip!$D:$D,$B103)) | F103: =IF($B103="","",INDEX(Takip!$A:$A,$B103)) | G103: =IF($B103="","",INDEX(Takip!$B:$B,$B103)) | H103: =IF($B103="","",INDEX(Takip!$Q:$Q,$B103)) | I103: =IF($B103="","",INDEX(Takip!$K:$K,$B103)) | J103: =IF($B103="","",INDEX(Takip!$R:$R,$B103))
...

Sheet Takip
A1: Sicil No | B1: Ad Soyad | C1: Bölge | D1: Mağaza | E1: İşe Giriş | F1: Doğum Tarihi | G1: Kapsamda (1/0) | H1: Kıdem (yıl) | I1: Yaş | J1: Yıllık Hak (gün) | K1: Sonraki Hak Ediş | L1: Hak Edişe Kalan Gün | M1: Güncel Bakiye | N1: Önceki Bakiye | O1: Dönemde Kazanılan | P1: Dönemde Kullanılan | Q1: Bakiye Durumu | R1: Hak Ediş Yaklaşıyor | S1: Veri Notu | T1: Liste Anahtarı
A2: =IF(Veri_Guncel!A2="","",Veri_Guncel!A2) -> S10001 | B2: =IF($A2="","",Veri_Guncel!B2) -> Buse Yıldız | C2: =IF($A2="","",Veri_Guncel!C2) -> Bölge 1 | D2: =IF($A2="","",Veri_Guncel!D2) -> Mağaza 1A | E2: =IF($A2="","",Veri_Guncel!E2) -> 45606 | F2: =IF($A2="","",Veri_Guncel!F2) -> 37372 | G2: =IF(A2="","",IF(COUNTIF(Ayarlar!$A$15:$A$20,C2)>0,1,0)) -> 1 | H2: =IF(A2="","",DATEDIF(E2,Ayarlar!$B$3,"y")) -> 1 | I2: =IF(OR(A2="",F2=""),"",DATEDIF(F2,Ayarlar!$B$3,"y")) -> 24 | J2: =IF(A2="","",IF(H2<1,0,MAX(IF(H2<5,14,IF(H2<15,20,26)),IF(AND(I2<>"",OR(I2<=18,I2>=50)),20,0)))) -> 14 | K2: =IF(A2="","",EDATE(E2,12*(H2+1))) -> 46336 | L2: =IF(A2="","",K2-Ayarlar!$B$3) -> 57 | M2: =IF(A2="","",Veri_Guncel!H2) -> 14 | N2: =IF(A2="","",IFERROR(INDEX(Veri_Onceki!$H:$H,MATCH(A2,Veri_Onceki!$A:$A,0)),"")) -> 17 | O2: =IF(A2="","",IF(AND(H2>=1,EDATE(E2,12*H2)>Ayarlar!$B$4,EDATE(E2,12*H2)<=Ayarlar!$B$3),J2,0)) -> 0 | P2: =IF(OR(A2="",N2=""),"",N2+O2-M2) -> 3 | Q2: =IF(A2="","",IF(M2>=Ayarlar!$B$7,"ALARM",IF(M2>=Ayarlar!$B$6,"Planla",""))) -> Planla | R2: =IF(A2="","",IF(AND(L2>=0,L2<=Ayarlar!$B$9),"Evet","")) -> Evet | S2: =IF(A2="","",IF(N2="","Yeni personel",IF(P2<0,"Kontrol et",""))) | T2: =IF(A2="","",IF(AND(G2=1,M2>=Ayarlar!$B$6,OR(Ayarlar!$B$11="Tümü",C2=Ayarlar!$B$11)),M2+ROW()/100000,"")) -> 14.00002
A3: =IF(Veri_Guncel!A3="","",Veri_Guncel!A3) -> S10002 | B3: =IF($A3="","",Veri_Guncel!B3) -> Elif Öztürk | C3: =IF($A3="","",Veri_Guncel!C3) -> Bölge 1 | D3: =IF($A3="","",Veri_Guncel!D3) -> Mağaza 1A | E3: =IF($A3="","",Veri_Guncel!E3) -> 43101 | F3: =IF($A3="","",Veri_Guncel!F3) -> 34986 | G3: =IF(A3="","",IF(COUNTIF(Ayarlar!$A$15:$A$20,C3)>0,1,0)) -> 1 | H3: =IF(A3="","",DATEDIF(E3,Ayarlar!$B$3,"y")) -> 8 | I3: =IF(OR(A3="",F3=""),"",DATEDIF(F3,Ayarlar!$B$3,"y")) -> 30 | J3: =IF(A3="","",IF(H3<1,0,MAX(IF(H3<5,14,IF(H3<15,20,26)),IF(AND(I3<>"",OR(I3<=18,I3>=50)),20,0)))) -> 20 | K3: =IF(A3="","",EDATE(E3,12*(H3+1))) -> 46388 | L3: =IF(A3="","",K3-Ayarlar!$B$3) -> 109 | M3: =IF(A3="","",Veri_Guncel!H3) -> 2 | N3: =IF(A3="","",IFERROR(INDEX(Veri_Onceki!$H:$H,MATCH(A3,Veri_Onceki!$A:$A,0)),"")) -> 5 | O3: =IF(A3="","",IF(AND(H3>=1,EDATE(E3,12*H3)>Ayarlar!$B$4,EDATE(E3,12*H3)<=Ayarlar!$B$3),J3,0)) -> 0 | P3: =IF(OR(A3="",N3=""),"",N3+O3-M3) -> 3 | Q3: =IF(A3="","",IF(M3>=Ayarlar!$B$7,"ALARM",IF(M3>=Ayarlar!$B$6,"Planla",""))) | R3: =IF(A3="","",IF(AND(L3>=0,L3<=Ayarlar!$B$9),"Evet","")) | S3: =IF(A3="","",IF(N3="","Yeni personel",IF(P3<0,"Kontrol et",""))) | T3: =IF(A3="","",IF(AND(G3=1,M3>=Ayarlar!$B$6,OR(Ayarlar!$B$11="Tümü",C3=Ayarlar!$B$11)),M3+ROW()/100000,""))
A4: =IF(Veri_Guncel!A4="","",Veri_Guncel!A4) -> S10003 | B4: =IF($A4="","",Veri_Guncel!B4) -> Serkan Özdemir | C4: =IF($A4="","",Veri_Guncel!C4) -> Bölge 1 | D4: =IF($A4="","",Veri_Guncel!D4) -> Mağaza 1A | E4: =IF($A4="","",Veri_Guncel!E4) -> 43436 | F4: =IF($A4="","",Veri_Guncel!F4) -> 36519 | G4: =IF(A4="","",IF(COUNTIF(Ayarlar!$A$15:$A$20,C4)>0,1,0)) -> 1 | H4: =IF(A4="","",DATEDIF(E4,Ayarlar!$B$3,"y")) -> 7 | I4: =IF(OR(A4="",F4=""),"",DATEDIF(F4,Ayarlar!$B$3,"y")) -> 26 | J4: =IF(A4="","",IF(H4<1,0,MAX(IF(H4<5,14,IF(H4<15,20,26)),IF(AND(I4<>"",OR(I4<=18,I4>=50)),20,0)))) -> 20 | K4: =IF(A4="","",EDATE(E4,12*(H4+1))) -> 46358 | L4: =IF(A4="","",K4-Ayarlar!$B$3) -> 79 | M4: =IF(A4="","",Veri_Guncel!H4) -> 12 | N4: =IF(A4="","",IFERROR(INDEX(Veri_Onceki!$H:$H,MATCH(A4,Veri_Onceki!$A:$A,0)),"")) -> 19 | O4: =IF(A4="","",IF(AND(H4>=1,EDATE(E4,12*H4)>Ayarlar!$B$4,EDATE(E4,12*H4)<=Ayarlar!$B$3),J4,0)) -> 0 | P4: =IF(OR(A4="",N4=""),"",N4+O4-M4) -> 7 | Q4: =IF(A4="","",IF(M4>=Ayarlar!$B$7,"ALARM",IF(M4>=Ayarlar!$B$6,"Planla",""))) | R4: =IF(A4="","",IF(AND(L4>=0,L4<=Ayarlar!$B$9),"Evet","")) | S4: =IF(A4="","",IF(N4="","Yeni personel",IF(P4<0,"Kontrol et",""))) | T4: =IF(A4="","",IF(AND(G4=1,M4>=Ayarlar!$B$6,OR(Ayarlar!$B$11="Tümü",C4=Ayarlar!$B$11)),M4+ROW()/100000,""))
A5: =IF(Veri_Guncel!A5="","",Veri_Guncel!A5) -> S10004 | B5: =IF($A5="","",Veri_Guncel!B5) -> Onur Yılmaz | C5: =IF($A5="","",Veri_Guncel!C5) -> Bölge 1 | D5: =IF($A5="","",Veri_Guncel!D5) -> Mağaza 1A | E5: =IF($A5="","",Veri_Guncel!E5) -> 41078 | F5: =IF($A5="","",Veri_Guncel!F5) -> 37959 | G5: =IF(A5="","",IF(COUNTIF(Ayarlar!$A$15:$A$20,C5)>0,1,0)) -> 1 | H5: =IF(A5="","",DATEDIF(E5,Ayarlar!$B$3,"y")) -> 14 | I5: =IF(OR(A5="",F5=""),"",DATEDIF(F5,Ayarlar!$B$3,"y")) -> 22 | J5: =IF(A5="","",IF(H5<1,0,MAX(IF(H5<5,14,IF(H5<15,20,26)),IF(AND(I5<>"",OR(I5<=18,I5>=50)),20,0)))) -> 20 | K5: =IF(A5="","",EDATE(E5,12*(H5+1))) -> 46556 | L5: =IF(A5="","",K5-Ayarlar!$B$3) -> 277 | M5: =IF(A5="","",Veri_Guncel!H5) -> 19 | N5: =IF(A5="","",IFERROR(INDEX(Veri_Onceki!$H:$H,MATCH(A5,Veri_Onceki!$A:$A,0)),"")) -> 21 | O5: =IF(A5="","",IF(AND(H5>=1,EDATE(E5,12*H5)>Ayarlar!$B$4,EDATE(E5,12*H5)<=Ayarlar!$B$3),J5,0)) -> 0 | P5: =IF(OR(A5="",N5=""),"",N5+O5-M5) -> 2 | Q5: =IF(A5="","",IF(M5>=Ayarlar!$B$7,"ALARM",IF(M5>=Ayarlar!$B$6,"Planla",""))) -> Planla | R5: =IF(A5="","",IF(AND(L5>=0,L5<=Ayarlar!$B$9),"Evet","")) | S5: =IF(A5="","",IF(N5="","Yeni personel",IF(P5<0,"Kontrol et",""))) | T5: =IF(A5="","",IF(AND(G5=1,M5>=Ayarlar!$B$6,OR(Ayarlar!$B$11="Tümü",C5=Ayarlar!$B$11)),M5+ROW()/100000,"")) -> 19.00005
A6: =IF(Veri_Guncel!A6="","",Veri_Guncel!A6) -> S10005 | B6: =IF($A6="","",Veri_Guncel!B6) -> İrem Yıldız | C6: =IF($A6="","",Veri_Guncel!C6) -> Bölge 1 | D6: =IF($A6="","",Veri_Guncel!D6) -> Mağaza 1A | E6: =IF($A6="","",Veri_Guncel!E6) -> 42365 | F6: =IF($A6="","",Veri_Guncel!F6) -> 28182 | G6: =IF(A6="","",IF(COUNTIF(Ayarlar!$A$15:$A$20,C6)>0,1,0)) -> 1 | H6: =IF(A6="","",DATEDIF(E6,Ayarlar!$B$3,"y")) -> 10 | I6: =IF(OR(A6="",F6=""),"",DATEDIF(F6,Ayarlar!$B$3,"y")) -> 49 | J6: =IF(A6="","",IF(H6<1,0,MAX(IF(H6<5,14,IF(H6<15,20,26)),IF(AND(I6<>"",OR(I6<=18,I6>=50)),20,0)))) -> 20 | K6: =IF(A6="","",EDATE(E6,12*(H6+1))) -> 46383 | L6: =IF(A6="","",K6-Ayarlar!$B$3) -> 104 | M6: =IF(A6="","",Veri_Guncel!H6) -> 0 | N6: =IF(A6="","",IFERROR(INDEX(Veri_Onceki!$H:$H,MATCH(A6,Veri_Onceki!$A:$A,0)),"")) -> 7 | O6: =IF(A6="","",IF(AND(H6>=1,EDATE(E6,12*H6)>Ayarlar!$B$4,EDATE(E6,12*H6)<=Ayarlar!$B$3),J6,0)) -> 0 | P6: =IF(OR(A6="",N6=""),"",N6+O6-M6) -> 7 | Q6: =IF(A6="","",IF(M6>=Ayarlar!$B$7,"ALARM",IF(M6>=Ayarlar!$B$6,"Planla",""))) | R6: =IF(A6="","",IF(AND(L6>=0,L6<=Ayarlar!$B$9),"Evet","")) | S6: =IF(A6="","",IF(N6="","Yeni personel",IF(P6<0,"Kontrol et",""))) | T6: =IF(A6="","",IF(AND(G6=1,M6>=Ayarlar!$B$6,OR(Ayarlar!$B$11="Tümü",C6=Ayarlar!$B$11)),M6+ROW()/100000,""))
A7: =IF(Veri_Guncel!A7="","",Veri_Guncel!A7) -> S10006 | B7: =IF($A7="","",Veri_Guncel!B7) -> Cem Öztürk | C7: =IF($A7="","",Veri_Guncel!C7) -> Bölge 1 | D7: =IF($A7="","",Veri_Guncel!D7) -> Mağaza 1A | E7: =IF($A7="","",Veri_Guncel!E7) -> 44393 | F7: =IF($A7="","",Veri_Guncel!F7) -> 29667 | G7: =IF(A7="","",IF(COUNTIF(Ayarlar!$A$15:$A$20,C7)>0,1,0)) -> 1 | H7: =IF(A7="","",DATEDIF(E7,Ayarlar!$B$3,"y")) -> 5 | I7: =IF(OR(A7="",F7=""),"",DATEDIF(F7,Ayarlar!$B$3,"y")) -> 45 | J7: =IF(A7="","",IF(H7<1,0,MAX(IF(H7<5,14,IF(H7<15,20,26)),IF(AND(I7<>"",OR(I7<=18,I7>=50)),20,0)))) -> 20 | K7: =IF(A7="","",EDATE(E7,12*(H7+1))) -> 46584 | L7: =IF(A7="","",K7-Ayarlar!$B$3) -> 305 | M7: =IF(A7="","",Veri_Guncel!H7) -> 0 | N7: =IF(A7="","",IFERROR(INDEX(Veri_Onceki!$H:$H,MATCH(A7,Veri_Onceki!$A:$A,0)),"")) -> 0 | O7: =IF(A7="","",IF(AND(H7>=1,EDATE(E7,12*H7)>Ayarlar!$B$4,EDATE(E7,12*H7)<=Ayarlar!$B$3),J7,0)) -> 0 | P7: =IF(OR(A7="",N7=""),"",N7+O7-M7) -> 0 | Q7: =IF(A7="","",IF(M7>=Ayarlar!$B$7,"ALARM",IF(M7>=Ayarlar!$B$6,"Planla",""))) | R7: =IF(A7="","",IF(AND(L7>=0,L7<=Ayarlar!$B$9),"Evet","")) | S7: =IF(A7="","",IF(N7="","Yeni personel",IF(P7<0,"Kontrol et",""))) | T7: =IF(A7="","",IF(AND(G7=1,M7>=Ayarlar!$B$6,OR(Ayarlar!$B$11="Tümü",C7=Ayarlar!$B$11)),M7+ROW()/100000,""))
A8: =IF(Veri_Guncel!A8="","",Veri_Guncel!A8) -> S10007 | B8: =IF($A8="","",Veri_Guncel!B8) -> Tolga Koç | C8: =IF($A8="","",Veri_Guncel!C8) -> Bölge 1 | D8: =IF($A8="","",Veri_Guncel!D8) -> Mağaza 1A | E8: =IF($A8="","",Veri_Guncel!E8) -> 41371 | F8: =IF($A8="","",Veri_Guncel!F8) -> 27808 | G8: =IF(A8="","",IF(COUNTIF(Ayarlar!$A$15:$A$20,C8)>0,1,0)) -> 1 | H8: =IF(A8="","",DATEDIF(E8,Ayarlar!$B$3,"y")) -> 13 | I8: =IF(OR(A8="",F8=""),"",DATEDIF(F8,Ayarlar!$B$3,"y")) -> 50 | J8: =IF(A8="","",IF(H8<1,0,MAX(IF(H8<5,14,IF(H8<15,20,26)),IF(AND(I8<>"",OR(I8<=18,I8>=50)),20,0)))) -> 20 | K8: =IF(A8="","",EDATE(E8,12*(H8+1))) -> 46484 | L8: =IF(A8="","",K8-Ayarlar!$B$3) -> 205 | M8: =IF(A8="","",Veri_Guncel!H8) -> 14 | N8: =IF(A8="","",IFERROR(INDEX(Veri_Onceki!$H:$H,MATCH(A8,Veri_Onceki!$A:$A,0)),"")) -> 16 | O8: =IF(A8="","",IF(AND(H8>=1,EDATE(E8,12*H8)>Ayarlar!$B$4,EDATE(E8,12*H8)<=Ayarlar!$B$3),J8,0)) -> 0 | P8: =IF(OR(A8="",N8=""),"",N8+O8-M8) -> 2 | Q8: =IF(A8="","",IF(M8>=Ayarlar!$B$7,"ALARM",IF(M8>=Ayarlar!$B$6,"Planla",""))) -> Planla | R8: =IF(A8="","",IF(AND(L8>=0,L8<=Ayarlar!$B$9),"Evet","")) | S8: =IF(A8="","",IF(N8="","Yeni personel",IF(P8<0,"Kontrol et",""))) | T8: =IF(A8="","",IF(AND(G8=1,M8>=Ayarlar!$B$6,OR(Ayarlar!$B$11="Tümü",C8=Ayarlar!$B$11)),M8+ROW()/100000,"")) -> 14.00008
A9: =IF(Veri_Guncel!A9="","",Veri_Guncel!A9) -> S10008 | B9: =IF($A9="","",Veri_Guncel!B9) -> İrem Koç | C9: =IF($A9="","",Veri_Guncel!C9) -> Bölge 1 | D9: =IF($A9="","",Veri_Guncel!D9) -> Mağaza 1A | E9: =IF($A9="","",Veri_Guncel!E9) -> 42891 | F9: =IF($A9="","",Veri_Guncel!F9) -> 38908 | G9: =IF(A9="","",IF(COUNTIF(Ayarlar!$A$15:$A$20,C9)>0,1,0)) -> 1 | H9: =IF(A9="","",DATEDIF(E9,Ayarlar!$B$3,"y")) -> 9 | I9: =IF(OR(A9="",F9=""),"",DATEDIF(F9,Ayarlar!$B$3,"y")) -> 20 | J9: =IF(A9="","",IF(H9<1,0,MAX(IF(H9<5,14,IF(H9<15,20,26)),IF(AND(I9<>"",OR(I9<=18,I9>=50)),20,0)))) -> 20 | K9: =IF(A9="","",EDATE(E9,12*(H9+1))) -> 46543 | L9: =IF(A9="","",K9-Ayarlar!$B$3) -> 264 | M9: =IF(A9="","",Veri_Guncel!H9) -> 10 | N9: =IF(A9="","",IFERROR(INDEX(Veri_Onceki!$H:$H,MATCH(A9,Veri_Onceki!$A:$A,0)),"")) -> 17 | O9: =IF(A9="","",IF(AND(H9>=1,EDATE(E9,12*H9)>Ayarlar!$B$4,EDATE(E9,12*H9)<=Ayarlar!$B$3),J9,0)) -> 0 | P9: =IF(OR(A9="",N9=""),"",N9+O9-M9) -> 7 | Q9: =IF(A9="","",IF(M9>=Ayarlar!$B$7,"ALARM",IF(M9>=Ayarlar!$B$6,"Planla",""))) | R9: =IF(A9="","",IF(AND(L9>=0,L9<=Ayarlar!$B$9),"Evet","")) | S9: =IF(A9="","",IF(N9="","Yeni personel",IF(P9<0,"Kontrol et",""))) | T9: =IF(A9="","",IF(AND(G9=1,M9>=Ayarlar!$B$6,OR(Ayarlar!$B$11="Tümü",C9=Ayarlar!$B$11)),M9+ROW()/100000,""))
A10: =IF(Veri_Guncel!A10="","",Veri_Guncel!A10) -> S10009 | B10: =IF($A10="","",Veri_Guncel!B10) -> Pınar Polat | C10: =IF($A10="","",Veri_Guncel!C10) -> Bölge 1 | D10: =IF($A10="","",Veri_Guncel!D10) -> Mağaza 1B | E10: =IF($A10="","",Veri_Guncel!E10) -> 46212 | F10: =IF($A10="","",Veri_Guncel!F10) -> 26701 | G10: =IF(A10="","",IF(COUNTIF(Ayarlar!$A$15:$A$20,C10)>0,1,0)) -> 1 | H10: =IF(A10="","",DATEDIF(E10,Ayarlar!$B$3,"y")) -> 0 | I10: =IF(OR(A10="",F10=""),"",DATEDIF(F10,Ayarlar!$B$3,"y")) -> 53 | J10: =IF(A10="","",IF(H10<1,0,MAX(IF(H10<5,14,IF(H10<15,20,26)),IF(AND(I10<>"",OR(I10<=18,I10>=50)),20,0)))) -> 0 | K10: =IF(A10="","",EDATE(E10,12*(H10+1))) -> 46577 | L10: =IF(A10="","",K10-Ayarlar!$B$3) -> 298 | M10: =IF(A10="","",Veri_Guncel!H10) -> 0 | N10: =IF(A10="","",IFERROR(INDEX(Veri_Onceki!$H:$H,MATCH(A10,Veri_Onceki!$A:$A,0)),"")) -> 0 | O10: =IF(A10="","",IF(AND(H10>=1,EDATE(E10,12*H10)>Ayarlar!$B$4,EDATE(E10,12*H10)<=Ayarlar!$B$3),J10,0)) -> 0 | P10: =IF(OR(A10="",N10=""),"",N10+O10-M10) -> 0 | Q10: =IF(A10="","",IF(M10>=Ayarlar!$B$7,"ALARM",IF(M10>=Ayarlar!$B$6,"Planla",""))) | R10: =IF(A10="","",IF(AND(L10>=0,L10<=Ayarlar!$B$9),"Evet","")) | S10: =IF(A10="","",IF(N10="","Yeni personel",IF(P10<0,"Kontrol et",""))) | T10: =IF(A10="","",IF(AND(G10=1,M10>=Ayarlar!$B$6,OR(Ayarlar!$B$11="Tümü",C10=Ayarlar!$B$11)),M10+ROW()/100000,""))
A11: =IF(Veri_Guncel!A11="","",Veri_Guncel!A11) -> S10010 | B11: =IF($A11="","",Veri_Guncel!B11) -> Burak Kılıç | C11: =IF($A11="","",Veri_Guncel!C11) -> Bölge 1 | D11: =IF($A11="","",Veri_Guncel!D11) -> Mağaza 1B | E11: =IF($A11="","",Veri_Guncel!E11) -> 40758 | F11: =IF($A11="","",Veri_Guncel!F11) -> 39379 | G11: =IF(A11="","",IF(COUNTIF(Ayarlar!$A$15:$A$20,C11)>0,1,0)) -> 1 | H11: =IF(A11="","",DATEDIF(E11,Ayarlar!$B$3,"y")) -> 15 | I11: =IF(OR(A11="",F11=""),"",DATEDIF(F11,Ayarlar!$B$3,"y")) -> 18 | J11: =IF(A11="","",IF(H11<1,0,MAX(IF(H11<5,14,IF(H11<15,20,26)),IF(AND(I11<>"",OR(I11<=18,I11>=50)),20,0)))) -> 26 | K11: =IF(A11="","",EDATE(E11,12*(H11+1))) -> 46602 | L11: =IF(A11="","",K11-Ayarlar!$B$3) -> 323 | M11: =IF(A11="","",Veri_Guncel!H11) -> 15 | N11: =IF(A11="","",IFERROR(INDEX(Veri_Onceki!$H:$H,MATCH(A11,Veri_Onceki!$A:$A,0)),"")) -> 0 | O11: =IF(A11="","",IF(AND(H11>=1,EDATE(E11,12*H11)>Ayarlar!$B$4,EDATE(E11,12*H11)<=Ayarlar!$B$3),J11,0)) -> 26 | P11: =IF(OR(A11="",N11=""),"",N11+O11-M11) -> 11 | Q11: =IF(A11="","",IF(M11>=Ayarlar!$B$7,"ALARM",IF(M11>=Ayarlar!$B$6,"Planla",""))) -> Planla | R11: =IF(A11="","",IF(AND(L11>=0,L11<=Ayarlar!$B$9),"Evet","")) | S11: =IF(A11="","",IF(N11="","Yeni personel",IF(P11<0,"Kontrol et",""))) | T11: =IF(A11="","",IF(AND(G11=1,M11>=Ayarlar!$B$6,OR(Ayarlar!$B$11="Tümü",C11=Ayarlar!$B$11)),M11+ROW()/100000,"")) -> 15.00011
A12: =IF(Veri_Guncel!A12="","",Veri_Guncel!A12) -> S10011 | B12: =IF($A12="","",Veri_Guncel!B12) -> Ece Aslan | C12: =IF($A12="","",Veri_Guncel!C12) -> Bölge 1 | D12: =IF($A12="","",Veri_Guncel!D12) -> Mağaza 1B | E12: =IF($A12="","",Veri_Guncel!E12) -> 41720 | F12: =IF($A12="","",Veri_Guncel!F12) -> 30267 | G12: =IF(A12="","",IF(COUNTIF(Ayarlar!$A$15:$A$20,C12)>0,1,0)) -> 1 | H12: =IF(A12="","",DATEDIF(E12,Ayarlar!$B$3,"y")) -> 12 | I12: =IF(OR(A12="",F12=""),"",DATEDIF(F12,Ayarlar!$B$3,"y")) -> 43 | J12: =IF(A12="","",IF(H12<1,0,MAX(IF(H12<5,14,IF(H12<15,20,26)),IF(AND(I12<>"",OR(I12<=18,I12>=50)),20,0)))) -> 20 | K12: =IF(A12="","",EDATE(E12,12*(H12+1))) -> 46468 | L12: =IF(A12="","",K12-Ayarlar!$B$3) -> 189 | M12: =IF(A12="","",Veri_Guncel!H12) -> 28 | N12: =IF(A12="","",IFERROR(INDEX(Veri_Onceki!$H:$H,MATCH(A12,Veri_Onceki!$A:$A,0)),"")) -> 28 | O12: =IF(A12="","",IF(AND(H12>=1,EDATE(E12,12*H12)>Ayarlar!$B$4,EDATE(E12,12*H12)<=Ayarlar!$B$3),J12,0)) -> 0 | P12: =IF(OR(A12="",N12=""),"",N12+O12-M12) -> 0 | Q12: =IF(A12="","",IF(M12>=Ayarlar!$B$7,"ALARM",IF(M12>=Ayarlar!$B$6,"Planla",""))) -> ALARM | R12: =IF(A12="","",IF(AND(L12>=0,L12<=Ayarlar!$B$9),"Evet","")) | S12: =IF(A12="","",IF(N12="","Yeni personel",IF(P12<0,"Kontrol et",""))) | T12: =IF(A12="","",IF(AND(G12=1,M12>=Ayarlar!$B$6,OR(Ayarlar!$B$11="Tümü",C12=Ayarlar!$B$11)),M12+ROW()/100000,"")) -> 28.00012
A13: =IF(Veri_Guncel!A13="","",Veri_Guncel!A13) -> S10012 | B13: =IF($A13="","",Veri_Guncel!B13) -> Kaan Aslan | C13: =IF($A13="","",Veri_Guncel!C13) -> Bölge 1 | D13: =IF($A13="","",Veri_Guncel!D13) -> Mağaza 1B | E13: =IF($A13="","",Veri_Guncel!E13) -> 43925 | F13: =IF($A13="","",Veri_Guncel!F13) -> 30009 | G13: =IF(A13="","",IF(COUNTIF(Ayarlar!$A$15:$A$20,C13)>0,1,0)) -> 1 | H13: =IF(A13="","",DATEDIF(E13,Ayarlar!$B$3,"y")) -> 6 | I13: =IF(OR(A13="",F13=""),"",DATEDIF(F13,Ayarlar!$B$3,"y")) -> 44 | J13: =IF(A13="","",IF(H13<1,0,MAX(IF(H13<5,14,IF(H13<15,20,26)),IF(AND(I13<>"",OR(I13<=18,I13>=50)),20,0)))) -> 20 | K13: =IF(A13="","",EDATE(E13,12*(H13+1))) -> 46481 | L13: =IF(A13="","",K13-Ayarlar!$B$3) -> 202 | M13: =IF(A13="","",Veri_Guncel!H13) -> 4 | N13: =IF(A13="","",IFERROR(INDEX(Veri_Onceki!$H:$H,MATCH(A13,Veri_Onceki!$A:$A,0)),"")) -> 4 | O13: =IF(A13="","",IF(AND(H13>=1,EDATE(E13,12*H13)>Ayarlar!$B$4,EDATE(E13,12*H13)<=Ayarlar!$B$3),J13,0)) -> 0 | P13: =IF(OR(A13="",N13=""),"",N13+O13-M13) -> 0 | Q13: =IF(A13="","",IF(M13>=Ayarlar!$B$7,"ALARM",IF(M13>=Ayarlar!$B$6,"Planla",""))) | R13: =IF(A13="","",IF(AND(L13>=0,L13<=Ayarlar!$B$9),"Evet","")) | S13: =IF(A13="","",IF(N13="","Yeni personel",IF(P13<0,"Kontrol et",""))) | T13: =IF(A13="","",IF(AND(G13=1,M13>=Ayarlar!$B$6,OR(Ayarlar!$B$11="Tümü",C13=Ayarlar!$B$11)),M13+ROW()/100000,""))
... A501: =IF(Veri_Guncel!A501="","",Veri_Guncel!A501) | B501: =IF($A501="","",Veri_Guncel!B501) | C501: =IF($A501="","",Veri_Guncel!C501) | D501: =IF($A501="","",Veri_Guncel!D501) | E501: =IF($A501="","",Veri_Guncel!E501) | F501: =IF($A501="","",Veri_Guncel!F501) | G501: =IF(A501="","",IF(COUNTIF(Ayarlar!$A$15:$A$20,C501)>0,1,0)) | H501: =IF(A501="","",DATEDIF(E501,Ayarlar!$B$3,"y")) | I501: =IF(OR(A501="",F501=""),"",DATEDIF(F501,Ayarlar!$B$3,"y")) | J501: =IF(A501="","",IF(H501<1,0,MAX(IF(H501<5,14,IF(H501<15,20,26)),IF(AND(I501<>"",OR(I501<=18,I501>=50)),20,0)))) | K501: =IF(A501="","",EDATE(E501,12*(H501+1))) | L501: =IF(A501="","",K501-Ayarlar!$B$3) | M501: =IF(A501="","",Veri_Guncel!H501) | N501: =IF(A501="","",IFERROR(INDEX(Veri_Onceki!$H:$H,MATCH(A501,Veri_Onceki!$A:$A,0)),"")) | O501: =IF(A501="","",IF(AND(H501>=1,EDATE(E501,12*H501)>Ayarlar!$B$4,EDATE(E501,12*H501)<=Ayarlar!$B$3),J501,0)) | P501: =IF(OR(A501="",N501=""),"",N501+O501-M501) | Q501: =IF(A501="","",IF(M501>=Ayarlar!$B$7,"ALARM",IF(M501>=Ayarlar!$B$6,"Planla",""))) | R501: =IF(A501="","",IF(AND(L501>=0,L501<=Ayarlar!$B$9),"Evet","")) | S501: =IF(A501="","",IF(N501="","Yeni personel",IF(P501<0,"Kontrol et",""))) | T501: =IF(A501="","",IF(AND(G501=1,M501>=Ayarlar!$B$6,OR(Ayarlar!$B$11="Tümü",C501=Ayarlar!$B$11)),M501+ROW()/100000,""))

Sheet Ayarlar
A1: Ayarlar
A3: Güncel data tarihi | B3: 46279
A4: Önceki data tarihi | B4: 46234
A6: Planlama eşiği (gün) | B6: 14 | C6: Bu bakiyenin üstü izin planlamasına alınır
A7: Alarm eşiği (gün) | B7: 20
A8: Bölge alarmı: alarm eşiğini aşan kişi sayısı | B8: 5 | C8: Bu sayıya ulaşan bölgede Ozet'te ALARM çıkar
A9: Yaklaşan hak ediş penceresi (gün) | B9: 60
A11: Liste bölgesi | B11: Tümü | C11: Tümü veya tek bölge — Liste_14_Gun sayfasını filtreler
A14: Takip edilen bölgeler | E14: Liste seçenekleri
A15: Bölge 1 | B15: Listede olmayan bölgeler (ör. tüm Türkiye datası) hesaplara girmez. | E15: Tümü
A16: Bölge 2 | E16: =A15 -> Bölge 1
A17: Bölge 3 | E17: =A16 -> Bölge 2
A18: Bölge 4 | E18: =A17 -> Bölge 3
A19: Bölge 5 | E19: =A18 -> Bölge 4
A20: Bölge 6 | E20: =A19 -> Bölge 5
E21: =A20 -> Bölge 6

Sheet Veri_Guncel
A1: Sicil No | B1: Ad Soyad | C1: Bölge | D1: Mağaza | E1: İşe Giriş Tarihi | F1: Doğum Tarihi | G1: Görev | H1: Kalan İzin (gün)
A2: S10001 | B2: Buse Yıldız | C2: Bölge 1 | D2: Mağaza 1A | E2: 45606 | F2: 37372 | G2: Vardiya Sorumlusu | H2: 14
A3: S10002 | B3: Elif Öztürk | C3: Bölge 1 | D3: Mağaza 1A | E3: 43101 | F3: 34986 | G3: Müdür Yardımcısı | H3: 2
A4: S10003 | B4: Serkan Özdemir | C4: Bölge 1 | D4: Mağaza 1A | E4: 43436 | F4: 36519 | G4: Barista | H4: 12
A5: S10004 | B5: Onur Yılmaz | C5: Bölge 1 | D5: Mağaza 1A | E5: 41078 | F5: 37959 | G5: Barista | H5: 19
A6: S10005 | B6: İrem Yıldız | C6: Bölge 1 | D6: Mağaza 1A | E6: 42365 | F6: 28182 | G6: Barista | H6: 0
A7: S10006 | B7: Cem Öztürk | C7: Bölge 1 | D7: Mağaza 1A | E7: 44393 | F7: 29667 | G7: Barista | H7: 0
A8: S10007 | B8: Tolga Koç | C8: Bölge 1 | D8: Mağaza 1A | E8: 41371 | F8: 27808 | G8: Müdür Yardımcısı | H8: 14
A9: S10008 | B9: İrem Koç | C9: Bölge 1 | D9: Mağaza 1A | E9: 42891 | F9: 38908 | G9: Vardiya Sorumlusu | H9: 10
A10: S10009 | B10: Pınar Polat | C10: Bölge 1 | D10: Mağaza 1B | E10: 46212 | F10: 26701 | G10: Müdür Yardımcısı | H10: 0
A11: S10010 | B11: Burak Kılıç | C11: Bölge 1 | D11: Mağaza 1B | E11: 40758 | F11: 39379 | G11: Müdür Yardımcısı | H11: 15
A12: S10011 | B12: Ece Aslan | C12: Bölge 1 | D12: Mağaza 1B | E12: 41720 | F12: 30267 | G12: Müdür Yardımcısı | H12: 28
A13: S10012 | B13: Kaan Aslan | C13: Bölge 1 | D13: Mağaza 1B | E13: 43925 | F13: 30009 | G13: Barista | H13: 4
... A190: S10189 | B190: Kaan Yılmaz | C190: Bölge 4 | D190: Mağaza 4A | E190: 46244 | F190: 38119 | G190: Müdür Yardımcısı | H190: 0

Sheet Veri_Onceki
A1: Sicil No | B1: Ad Soyad | C1: Bölge | D1: Mağaza | E1: İşe Giriş Tarihi | F1: Doğum Tarihi | G1: Görev | H1: Kalan İzin (gün) | I1: Ayrıldı mı? (yardımcı)
A2: S10001 | B2: Buse Yıldız | C2: Bölge 1 | D2: Mağaza 1A | E2: 45606 | F2: 37372 | G2: Müdür Yardımcısı | H2: 17 | I2: =IF(A2="","",IF(COUNTIF(Veri_Guncel!$A:$A,A2)=0,1,0)) -> 0
A3: S10002 | B3: Elif Öztürk | C3: Bölge 1 | D3: Mağaza 1A | E3: 43101 | F3: 34986 | G3: Müdür Yardımcısı | H3: 5 | I3: =IF(A3="","",IF(COUNTIF(Veri_Guncel!$A:$A,A3)=0,1,0)) -> 0
A4: S10003 | B4: Serkan Özdemir | C4: Bölge 1 | D4: Mağaza 1A | E4: 43436 | F4: 36519 | G4: Vardiya Sorumlusu | H4: 19 | I4: =IF(A4="","",IF(COUNTIF(Veri_Guncel!$A:$A,A4)=0,1,0)) -> 0
A5: S10004 | B5: Onur Yılmaz | C5: Bölge 1 | D5: Mağaza 1A | E5: 41078 | F5: 37959 | G5: Barista | H5: 21 | I5: =IF(A5="","",IF(COUNTIF(Veri_Guncel!$A:$A,A5)=0,1,0)) -> 0
A6: S10005 | B6: İrem Yıldız | C6: Bölge 1 | D6: Mağaza 1A | E6: 42365 | F6: 28182 | G6: Barista | H6: 7 | I6: =IF(A6="","",IF(COUNTIF(Veri_Guncel!$A:$A,A6)=0,1,0)) -> 0
A7: S10006 | B7: Cem Öztürk | C7: Bölge 1 | D7: Mağaza 1A | E7: 44393 | F7: 29667 | G7: Barista | H7: 0 | I7: =IF(A7="","",IF(COUNTIF(Veri_Guncel!$A:$A,A7)=0,1,0)) -> 0
A8: S10007 | B8: Tolga Koç | C8: Bölge 1 | D8: Mağaza 1A | E8: 41371 | F8: 27808 | G8: Barista | H8: 16 | I8: =IF(A8="","",IF(COUNTIF(Veri_Guncel!$A:$A,A8)=0,1,0)) -> 0
A9: S10008 | B9: İrem Koç | C9: Bölge 1 | D9: Mağaza 1A | E9: 42891 | F9: 38908 | G9: Vardiya Sorumlusu | H9: 17 | I9: =IF(A9="","",IF(COUNTIF(Veri_Guncel!$A:$A,A9)=0,1,0)) -> 0
A10: S10009 | B10: Pınar Polat | C10: Bölge 1 | D10: Mağaza 1B | E10: 46212 | F10: 26701 | G10: Barista | H10: 0 | I10: =IF(A10="","",IF(COUNTIF(Veri_Guncel!$A:$A,A10)=0,1,0)) -> 0
A11: S10010 | B11: Burak Kılıç | C11: Bölge 1 | D11: Mağaza 1B | E11: 40758 | F11: 39379 | G11: Barista | H11: 0 | I11: =IF(A11="","",IF(COUNTIF(Veri_Guncel!$A:$A,A11)=0,1,0)) -> 0
A12: S10011 | B12: Ece Aslan | C12: Bölge 1 | D12: Mağaza 1B | E12: 41720 | F12: 30267 | G12: Müdür Yardımcısı | H12: 28 | I12: =IF(A12="","",IF(COUNTIF(Veri_Guncel!$A:$A,A12)=0,1,0)) -> 0
A13: S10012 | B13: Kaan Aslan | C13: Bölge 1 | D13: Mağaza 1B | E13: 43925 | F13: 30009 | G13: Müdür Yardımcısı | H13: 4 | I13: =IF(A13="","",IF(COUNTIF(Veri_Guncel!$A:$A,A13)=0,1,0)) -> 0
... A192: S10195 | B192: Oğuz Doğan | C192: Bölge 2 | D192: Mağaza 2A | E192: 43819 | F192: 33940 | G192: Müdür Yardımcısı | H192: 6 | I192: =IF(A192="","",IF(COUNTIF(Veri_Guncel!$A:$A,A192)=0,1,0)) -> 1
I193: =IF(A193="","",IF(COUNTIF(Veri_Guncel!$A:$A,A193)=0,1,0))
I194: =IF(A194="","",IF(COUNTIF(Veri_Guncel!$A:$A,A194)=0,1,0))
I195: =IF(A195="","",IF(COUNTIF(Veri_Guncel!$A:$A,A195)=0,1,0))
I196: =IF(A196="","",IF(COUNTIF(Veri_Guncel!$A:$A,A196)=0,1,0))
I197: =IF(A197="","",IF(COUNTIF(Veri_Guncel!$A:$A,A197)=0,1,0))
I198: =IF(A198="","",IF(COUNTIF(Veri_Guncel!$A:$A,A198)=0,1,0))
I199: =IF(A199="","",IF(COUNTIF(Veri_Guncel!$A:$A,A199)=0,1,0))
I200: =IF(A200="","",IF(COUNTIF(Veri_Guncel!$A:$A,A200)=0,1,0))
I201: =IF(A201="","",IF(COUNTIF(Veri_Guncel!$A:$A,A201)=0,1,0))
I202: =IF(A202="","",IF(COUNTIF(Veri_Guncel!$A:$A,A202)=0,1,0))
I203: =IF(A203="","",IF(COUNTIF(Veri_Guncel!$A:$A,A203)=0,1,0))
I204: =IF(A204="","",IF(COUNTIF(Veri_Guncel!$A:$A,A204)=0,1,0))
... I501: =IF(A501="","",IF(COUNTIF(Veri_Guncel!$A:$A,A501)=0,1,0))
